u,v,color
0,1,0
0,2,0
0,3,5
0,4,0
0,5,0
0,6,0
0,7,0
0,8,3
0,9,0
0,10,0
0,11,0
2,7,0
2,12,0
2,5,0
2,4,0
2,11,0
3,13,0
3,14,0,5
3,15,0
3,16,0
3,17,0
3,18,5
3,19,0
3,20,0
3,21,0
3,22,0
3,23,0
3,24,0
3,25,2,0,1
3,26,0
3,27,5,0
3,28,5,4
3,29,3,0
3,30,0
3,31,2,0,1
3,32,0,1,2
4,6,0
4,12,0
4,11,0
5,6,0
5,12,0
5,11,0
6,7,0
6,12,0
6,11,0
7,12,0
7,11,0
8,10,1,2,0
8,33,0
8,34,0,2,1
8,35,2,1,0
8,36,2,0,1
8,37,0
8,38,0
8,39,0
8,16,1,0,2
8,40,2,0,1
8,41,2,0,1
8,42,0
8,43,0
8,44,0
8,45,0
8,46,2,0,1
8,47,0
8,12,0
8,48,0
8,49,0
8,50,0
8,51,0
8,52,2,1
8,53,0
8,54,0
8,55,0
8,56,0
8,57,0
8,58,0
8,26,1,2,0
8,59,1,2
8,60,0
8,61,0
8,62,0
8,63,0
8,64,1,0,2
8,65,0
8,66,0
8,67,1,0,2
8,68,1,0,2
8,30,1,0,2
8,69,0,2,1
8,70,0
8,71,0
8,72,1,2,0
8,73,0
8,74,0
8,75,0
8,76,0
8,77,0
8,78,0
8,79,0
8,80,0
8,81,0
8,82,0
8,83,2,0,1
8,84,2,1,0
8,85,2,1,0
9,86,0
9,87,0,1,2
9,88,2,0,1
9,89,1,0,2
9,90,2,0,1
9,91,0,2,1
9,92,1,0,2
9,93,1,2,0
9,94,0,2,1
9,95,0,1,2
9,96,1,0,2
9,97,1,0,2
9,98,1,2,0
9,99,2,0,1
9,100,2,1,0
9,101,1,2,0
9,102,2,0,1
9,103,1,2,0
9,104,0,1,2
9,105,2,0,1
9,106,2,1,0
9,107,2,0
9,108,2
9,109,2,0,1
9,110,1,0,2
9,111,0,1,2
9,34,0
9,112,2,0,1
9,113,2,1,0
9,114,1,2,0
9,115,0
9,116,1,0,2
9,117,2,1,0
9,118,1,0,2
9,119,0
9,120,1,2,0
9,121,0
9,122,1,2,0
9,123,2,1,0
9,124,1,0,2
9,125,0,2,1
9,17,2,0,1
9,126,0,2
9,127,0,1,2
9,45,0,2,1
9,128,0
9,129,1,0,2
9,130,0
9,131,1,2
9,132,0
9,133,2,1,0
9,134,2,0,1
9,135,1,0,2
9,136,2,0,1
9,137,0
9,138,0
9,139,1,0,2
9,140,2,0,1
9,141,2,0
9,142,0
9,143,0
9,144,0,2
9,145,0
9,146,0
9,147,0
9,56,0
9,148,0,1,2
9,149,0
9,150,0,1,2
9,151,0,1,2
9,152,2,1,0
9,153,0
9,154,0,2,1
9,155,2,1,0
9,156,0,2,1
9,157,0
9,158,2,0,1
9,73,1
9,159,0,2,1
9,160,0
9,161,1,2,0
9,162,2,1,0
9,163,0
9,164,2,1,0
9,165,1,0,2
9,166,0
9,167,0
9,168,2,0,1
9,169,0,1,2
9,170,1,2,0
9,171,1,0,2
9,172,2,0,1
10,173,0
10,16,0,1,2
10,40,0,1,2
10,41,2,1,0
10,35,1,2,0
10,42,0
10,174,2,1,0
10,175,0
10,46,0,2,1
10,176,0
10,47,0
10,12,0
10,48,0
10,177,0
10,178,0
10,179,0
10,50,0
10,52,1
10,53,0
10,56,0
10,57,0
10,26,0,1,2
10,59,1
10,180,0
10,60,0
10,62,0
10,63,0
10,67,1,2,0
10,181,0
10,30,1,2,0
10,69,0
10,70,0
10,71,0
10,72,1,0,2
10,73,0
10,75,0
10,77,0
10,182,0
10,183,0
10,82,0
10,83,1,0
10,84,2,0,1
10,85,1,0,2
10,36,2,0,1
10,34,1,2,0
11,12,0
11,60,0
11,184,0
173,16,2,0,1
173,40,0
173,26,1,2,0
173,30,2,0,1
173,185,0
16,34,1,2,0
16,35,2,1,0
16,36,1,2,0,3
16,186,0
16,40,1,2,0
16,174,0,1,3,2
16,175,0,2,1
16,46,0,1,2
16,187,0
16,176,0,2,1
16,188,0
16,189,0
16,190,0
16,179,1,2,0
16,52,0
16,191,0
16,59,0
16,27,0,6
16,150,0,2
16,151,2,0
16,67,2,1,0,3
16,28,3
16,68,1,0,2
16,154,0,2
16,192,0
16,181,1,2,0
16,72,1,2,0
16,77,1,2,0
16,183,1,2,0
16,185,0
16,83,0
16,85,0
40,95,0
40,35,1,2,0
40,193,0
40,41,2,1,0
40,42,0
40,175,0
40,46,2,0,1
40,187,0
40,176,0
40,47,0
40,189,0
40,179,0
40,52,2,1,0
40,53,0
40,57,0
40,26,2,0,1
40,59,1,2,0
40,60,0
40,62,0
40,63,0
40,194,0
40,181,0
40,30,1,0,2
40,69,0
40,71,0
40,72,2,1,0
40,73,0
40,75,0
40,77,0
40,79,0
40,183,0
40,82,0
40,83,1,0,2
41,178,2
41,195,2
41,58,0
41,196,2
35,99,1,0,2
35,33,0
35,34,3,0,6,2,1
35,112,0
35,36,6,1,0,3,2
35,197,0
35,118,2,0,1
35,42,0
35,44,0
35,126,0
35,198,2,0
35,46,0,2,1
35,199,2,1,0
35,188,0,2,1
35,48,0
35,200,0
35,201,4
35,202,0
35,190,1,2,0
35,203,0
35,53,0
35,56,0
35,148,1,2,0
35,26,1,0,2
35,150,2,1,0
35,62,0
35,204,0
35,151,1,2,0
35,64,0,2,1
35,205,0
35,28,3
35,68,0,3,6,2,1
35,154,0,1,2
35,155,0
35,156,1,2,0
35,192,0
35,30,1,2,0
35,206,0
35,32,0,1,2
35,72,2,1,0
35,207,0
35,208,0
35,209,0
35,163,0
35,210,0
35,77,0
35,78,0
35,211,0
35,212,0
35,213,1,2,0
35,185,0,1,2
35,168,0
35,82,0
35,83,0
42,34,0
42,214,0
42,215,0
42,216,0
42,217,0
42,218,0
42,219,0
42,61,0,1
42,62,0
42,220,0
42,69,0
42,221,0
42,82,0
42,222,0
174,36,2,1,0
174,37,0
174,118,0,2,1
174,187,1
174,188,0
174,177,0,2,1
174,19,2
174,189,1
174,223,0
174,148,2,0,1
174,26,0,3,1,2
174,180,0,2,1
174,150,2,0,1,3
174,151,1,2,3,0
174,66,0
174,28,2
174,224,0
174,154,2,0,1,3
174,225,0
174,226,2,0
174,156,2,0,1
174,30,3,2,1,0
174,31,0
174,32,2,0,1
174,70,2,1,0
174,227,2
174,76,0
174,182,2,1,0
174,213,1,0,2
175,43,3,5
175,44,3,6,5
175,57,0
175,26,0,1,2
175,30,2,0,1
175,32,0,2
175,185,0
46,34,1,2,0
46,36,0,1,2
46,228,0
46,47,0
46,48,0
46,229,0
46,190,2,0
46,230,0
46,50,0
46,52,2,0,1
46,231,0
46,191,0
46,57,0
46,26,2,0,1
46,59,0,2,1
46,60,0
46,63,0
46,64,2,0,1
46,68,0,2,1
46,226,0
46,30,1,0,2
46,69,0
46,31,0
46,72,0,2,1
46,73,0
46,77,0
46,79,0
46,185,0,2
46,82,0
46,83,1,2,0
46,84,0,3
46,85,0
46,232,0
176,26,2,1,0
176,30,1,2,0
176,185,0
47,233,0
47,39,0
47,48,0
47,50,0
47,57,0
47,60,0
47,63,0
47,69,0
47,71,0
47,73,0
47,75,0
47,79,0
47,82,0
12,56,0
12,57,0
12,60,0
12,69,0
12,73,0
48,234,3
48,34,0
48,36,0
48,235,3,4
48,236,4
48,237,0
48,44,4
48,126,0
48,238,0
48,239,4
48,240,0
48,241,4
48,144,0
48,242,4
48,56,0
48,57,0
48,60,0
48,243,0
48,68,0
48,69,0
48,32,0,3
48,244,0
48,72,3
48,73,0
48,210,4
48,245,4
48,213,3
48,246,0
177,118,2,1,0
177,247,1,0,2
177,148,1,2,0
177,27,2,0
177,150,0,1,2
177,151,1,0,2
177,67,0,1,2
177,28,1,6,2,5,0
177,248,0,1,2
177,249,0
177,154,1,0,2
177,156,0,2,1
177,32,3,1,2,0
177,79,2,1,0
177,166,0,3
178,250,0
178,246,5,6
179,190,0
179,26,2,0,1
179,30,0,2,1
179,32,0,2
179,77,5,3
179,185,0
50,191,0
50,57,0
50,251,0
50,60,0
50,69,0
50,252,0
50,253,0
50,73,0
50,75,0
50,84,0
50,85,0
52,34,0
52,36,0
52,26,0
52,30,0
52,71,0
52,82,3,4
52,83,1,0,2
52,84,2
52,85,0,2
53,34,0
53,36,0
53,214,0
53,215,0
53,216,0
53,217,0
53,218,0
53,57,0
53,219,0
53,60,0
53,61,1,0
53,220,0
53,63,0
53,68,0
53,69,0
53,221,0
53,73,0
53,209,0
53,75,0
53,82,0
53,222,0
56,13,0
56,234,0
56,88,0
56,90,0
56,95,0
56,96,0
56,91,0
56,98,0
56,99,0
56,102,0
56,103,0
56,105,0
56,106,0
56,33,0
56,110,0
56,111,0
56,34,0
56,36,0
56,254,0,2
56,255,0
56,123,0
56,256,0
56,257,0
56,258,0
56,259,0
56,260,0
56,261,0
56,262,0
56,263,0
56,264,0
56,22,0
56,265,0
56,24,0
56,266,0
56,267,2
56,57,0
56,58,2
56,149,0
56,60,0
56,27,2
56,268,0
56,269,0
56,63,0
56,270,2
56,28,2,0
56,68,0
56,249,0
56,271,0
56,272,0
56,226,2,0
56,156,0
56,273,0
56,32,2,0
56,274,0
56,275,0
56,162,0
56,276,0
56,77,0
56,78,0
56,277,0
56,278,0
56,279,2
56,168,0
57,280,0
57,264,0
57,281,0
57,282,0
57,60,0
57,63,0
57,69,0
57,283,0
57,72,0
57,73,0
57,75,0
57,77,0
57,82,0
26,34,1,0,2
26,36,3,0,1,2
26,186,0
26,187,0
26,188,0
26,189,0
26,190,0
26,21,0,2
26,25,1
26,191,0
26,59,0
26,27,0,6
26,150,0,2
26,151,0,2
26,64,0,2,1
26,67,1,2,0,3
26,28,3
26,68,2,0,1
26,154,2,0
26,192,0
26,181,1,0,2
26,72,2,0,1
26,77,0,2,1
26,183,0,2,1
26,185,0
26,83,0
26,84,0
26,85,0
59,34,0
59,36,0
59,30,0
59,71,0
59,82,4,3
59,83,0,1,2
59,84,2
59,85,0,2
180,118,1,2,0
180,247,2,0,1
180,148,1,2,0
180,27,2,0
180,150,0,1,2
180,151,0,2,1
180,67,1,2,0
180,28,2,1,6,5,0
180,248,2,1,0
180,249,0
180,154,0,1,2
180,156,0,2,1
180,32,3,0,2,1
180,79,0,2,1
180,166,3,0
60,63,0
60,69,0
60,72,0
60,73,0
60,75,0
60,77,0
60,82,0
62,34,0
62,214,0
62,215,0
62,216,0
62,217,0
62,218,0
62,219,0
62,61,0,1
62,220,0
62,69,0
62,221,0
62,82,0
62,222,0
63,43,0
63,69,0
63,73,0
63,75,0
63,79,0
63,82,0
67,36,0,2,1
67,37,0
67,254,2
67,118,0,1,2
67,284,0
67,285,0
67,286,0
67,287,0
67,187,1
67,188,0
67,288,0
67,19,2
67,189,1
67,223,0
67,148,0,1,2
67,27,2
67,150,2,1,0,3
67,151,3,2,0,1
67,66,0
67,28,2
67,224,0
67,154,2,1,0,3
67,225,0
67,226,0,2
67,156,1,2,0
67,30,3,0,2,1
67,31,0
67,32,2,0,1
67,70,0,2,1
67,289,0
67,290,0
67,227,2
67,76,0
67,77,1,2,0
67,182,1,2,0
67,166,0
67,213,1,0,2
181,77,3,5
181,30,2,0,1
181,185,0
30,34,2,0,1
30,36,1,0,2,3
30,186,0
30,187,0
30,188,0
30,189,0
30,190,0
30,191,0
30,27,6,0
30,150,2,0
30,151,2,0
30,28,3
30,68,1,2,0
30,154,0,2
30,192,0
30,72,0,2,1
30,77,0,1,2
30,183,1,0,2
30,185,0
30,83,0
30,85,0
69,55,0
69,58,0
69,82,0
69,73,0
69,74,0
69,75,0
70,118,1,2,0
70,247,1,0,2
70,148,1,2,0
70,27,2,0
70,150,1,0,2
70,151,1,2,0
70,28,5,1,6,0,2
70,248,1,0,2
70,249,0
70,154,1,2,0
70,156,1,0,2
70,32,1,3,0,2
70,79,1,0,2
70,166,0,3
71,291,0
71,292,0
71,293,0
71,294,0
72,237,0
72,73,0
72,83,1
72,246,0
73,91,1
73,105,1
73,255,0
73,187,0
73,189,0
73,295,0
73,139,1
73,150,0,1
73,151,0,1
73,296,0
73,154,1,0
73,32,0
73,75,0
73,82,0
75,191,0
75,82,0
77,34,0
77,36,0
77,297,0
77,298,0
77,126,0
77,190,0
77,299,0
77,144,0
77,300,0
77,301,0
77,28,5
77,155,0
77,32,0,2
77,244,0
77,210,0
77,79,0
77,185,0
182,118,1,0,2
182,247,0,1,2
182,148,1,2,0
182,27,2,0
182,150,1,2,0
182,151,1,0,2
182,28,0,1,2,6,5
182,248,1,0,2
182,249,0
182,154,1,2,0
182,156,0,2,1
182,32,1,0,2,3
182,302,0
182,79,1,0,2
182,166,3,0
183,185,0
82,34,0
82,36,0
82,37,0
82,303,0
82,39,0
82,215,0
82,44,0
82,61,0
82,220,0
82,66,0
82,68,0
82,304,0
82,305,0
82,209,0
82,76,0
82,306,0
83,307,0
83,113,0
83,14,0
83,308,0
83,309,0
83,258,0
83,291,0
83,18,0
83,310,0
83,311,0
83,312,0
83,191,0
83,313,0
83,267,0
83,314,0
83,315,3
83,316,0
83,317,0
83,318,4,0
83,28,3,5
83,319,0
83,271,0
83,31,0
83,293,0
83,85,2
83,320,0
84,195,0
84,21,0
84,191,0
84,251,0
84,64,0
84,252,0
84,253,0
84,85,2,1,0
85,86,0
85,191,0
85,64,0
85,321,0
85,252,0
85,253,0
36,33,0
36,34,0,6,3,2,1
36,112,0
36,197,0
36,322,0
36,323,0
36,324,0
36,118,1,0,2
36,14,0
36,325,0
36,44,0
36,126,0
36,326,0
36,198,0,2
36,327,0
36,188,1,0,2
36,200,0
36,202,0
36,190,0,2,1
36,203,0
36,328,0
36,191,0
36,329,0
36,330,0
36,331,0
36,148,1,2,0
36,150,2,1,0
36,204,0
36,151,1,0,2
36,64,1,2,0
36,205,0
36,68,0,2,6,3,1
36,154,2,0,1
36,332,0
36,155,0
36,156,2,1,0
36,192,0
36,32,0,2,1
36,275,0
36,208,0
36,209,0
36,333,0
36,163,0
36,334,0
36,210,0
36,78,0
36,335,0
36,211,0
36,212,0
36,185,1,2,0
36,168,0
34,99,0,2,1
34,33,0
34,112,0
34,336,0
34,337,0
34,113,0
34,118,1,0,2
34,126,0
34,198,2,0
34,199,0,1,2
34,188,0,1,2
34,338,0
34,200,0
34,202,0
34,339,0
34,190,1,2,0
34,340,0
34,203,0
34,341,0
34,148,0,1,2
34,342,0
34,150,0,2,1
34,151,1,2,0
34,64,2,0,1
34,205,0
34,343,0
34,344,0
34,345,0
34,346,0
34,28,3
34,68,1,6,3,2,0
34,347,0
34,154,2,0,1
34,155,0
34,156,1,0,2
34,192,0
34,32,0,2,1
34,348,0
34,208,0
34,209,0
34,163,0
34,210,0
34,78,0
34,212,0
34,213,0,2,1
34,185,2,0,1
34,168,0
86,157,0
86,100,0
86,101,0
86,102,0
86,103,0
86,104,0
86,105,0
86,106,0
86,110,0
86,111,0
86,112,0
86,117,0
86,122,0
86,123,0
86,129,0
86,187,0
86,134,0
86,189,0
86,349,0
86,139,0
86,99,0
86,158,0
86,159,0
86,161,0
86,162,0
86,164,0
86,168,0
86,171,0
86,172,0
86,87,0
86,88,0
86,89,0
86,90,0
86,92,0
86,93,0
86,94,0
86,95,0
86,97,0
86,91,0
157,87,0
157,88,0
157,89,0
157,90,0
157,92,0
157,93,0
157,94,0
157,95,0
157,96,0
157,97,0
157,91,0
157,98,0
157,99,0
157,100,0
157,101,0
157,102,0
157,103,0
157,104,0
157,105,0
157,106,0
157,109,0
157,110,0
157,111,0
157,112,0
157,280,0
157,115,0
157,350,0
157,116,0
157,117,0
157,122,0
157,123,0
157,128,0
157,129,0
157,130,0
157,132,0
157,133,0
157,134,0
157,135,0
157,136,0
157,137,0
157,139,0
157,140,0
157,146,0
157,281,0
157,282,0
157,351,0
157,165,0
157,168,0
157,169,0
157,170,0
157,171,0
157,172,0
157,283,0
157,158,0
157,159,0
157,160,0
157,161,0
157,162,0
157,164,0
100,87,2,0,1
100,88,1,0,2
100,89,1,0,2
100,90,1,0,2
100,92,1,2,0
100,93,0,1,2
100,94,1,2,0
100,95,2,1,0
100,96,1,2,0
100,97,1,0,2
100,91,1,0,2
100,98,2,0,1
100,99,1,2,0
100,115,0
100,101,2,0,1
100,102,0,1,2
100,103,0,1,2
100,104,2,1,0
100,105,0,1,2
100,106,2,1,0
100,107,2,0
100,108,0,2
100,109,2,0,1
100,110,2,1,0
100,111,1,2,0
100,112,0,1,2
100,113,2,1,0
100,114,2,1,0
100,350,0
100,116,2,0,1
100,117,0,2,1
100,118,2,1,0
100,120,1,2,0
100,122,1,2,0
100,123,2,1,0
100,124,1,2,0
100,17,0,2,1
100,127,1,2,0
100,45,2,1,0
100,128,0
100,129,2,0,1
100,130,0
100,131,1,0,2
100,132,0
100,133,2,0,1
100,134,2,0,1
100,135,0,1,2
100,136,2,0,1
100,137,0
100,139,1,0,2
100,140,0,2,1
100,141,2,0
100,144,0,2
100,146,0
100,148,1,0,2
100,352,0
100,152,0,1,2
100,351,0
100,155,1,0,2
100,156,1,0,2
100,158,2,1,0
100,159,0
100,160,0
100,161,1,2,0
100,162,1,2,0
100,163,0
100,164,2,0,1
100,165,2,1,0
100,168,2,0,1
100,169,0,2,1
100,170,1,0,2
100,171,2,1,0
100,172,0,1,2
101,87,0,2,1
101,88,1,2,0
101,89,1,0,2
101,90,2,0,1
101,92,0,1,2
101,93,0,1,2
101,94,1,2,0
101,95,1,2,0
101,96,0,1,2
101,97,0,1,2
101,91,2,1,0
101,98,0,2,1
101,99,0,1,2
101,171,0,2,3,1
101,172,0
101,102,2,1,0
101,103,2,1,0
101,104,0,3,1,2
101,105,0,2,1
101,106,1,2,0
101,107,0,2
101,108,2,0
101,109,0
101,110,2,0,1
101,111,2,3,1,0
101,112,0
101,353,0
101,113,2,0,1
101,115,0
101,350,0
101,116,1,0,2
101,117,0,1,2
101,118,2
101,354,3
101,122,1,2,0
101,123,0,2,1
101,126,0,2
101,128,0
101,129,0
101,130,0
101,132,0
101,133,0
101,134,0
101,135,0
101,136,0
101,137,0,3
101,139,0,1,2
101,140,0
101,144,2,0
101,146,0
101,148,2
101,150,0,3,1,2
101,352,0
101,151,3,0,1,2
101,355,3
101,356,3
101,351,0
101,154,0,2,3,1
101,155,0,2
101,156,0,3,2,1
101,31,0
101,158,0
101,159,0,1,2
101,160,0
101,161,0
101,162,0,2,1
101,164,2,1,0
101,165,0
101,166,0
101,168,1,0,2
101,169,0
101,170,0
102,87,0,1,2
102,88,0,2,1
102,89,2,0,1
102,90,1,0,2
102,92,0,1,2
102,93,0,2,1
102,94,0,2,1
102,95,2,1,0
102,96,0,1,2
102,97,0,2,1
102,91,0,1,2
102,98,1,0,2
102,99,1,0,2
102,117,1,0,2
102,103,1,2,0
102,104,0,2,1
102,105,1,2,0
102,106,0,1,2
102,107,2,0
102,108,2
102,109,0
102,110,0,1,2
102,111,1,0,2
102,112,0
102,113,1,2,0
102,115,0
102,116,2,0,1
102,118,2
102,119,0
102,122,1,0,2
102,123,0,2,1
102,357,3
102,126,2,0
102,128,0
102,129,0
102,130,0
102,132,0
102,133,0
102,134,0
102,135,0
102,136,0
102,137,0
102,139,0,2,1
102,140,0
102,143,0
102,144,2,0
102,146,0
102,148,2
102,150,2,1,0
102,151,2,0,1
102,154,1,2,0
102,155,0,2
102,156,0,1,2
102,158,0
102,159,0,2,1
102,160,0
102,161,0
102,162,2,1,0
102,164,1,0,2
102,165,0
102,166,0
102,168,0,2,1
102,169,0
102,170,0
102,171,0,1,2
102,172,0
103,87,2,0,1
103,88,2,0,1
103,89,1,2,0
103,90,2,0,1
103,92,1,0,2
103,93,2,1,0
103,94,0,1,2
103,95,2,1,0
103,96,2,0,1
103,97,2,1,0
103,91,0,1,2
103,98,2,0,1
103,99,2,0,1
103,105,1,2,0
103,106,1,2,0
103,117,0,2,1
103,116,2,0,1
103,115,0
103,107,2,0
103,108,2
103,109,0
103,110,1,0,2
103,111,2,0,1
103,112,0
103,233,0
103,113,1,2,0
103,104,1,2,0
103,118,2
103,119,0
103,122,1,2,0
103,123,0,1,2
103,126,0,2
103,358,0
103,359,0
103,128,0
103,129,0
103,130,0
103,132,0
103,133,0
103,134,0
103,135,0
103,136,0
103,137,0
103,349,0
103,139,1,0,2
103,140,0
103,143,0
103,144,0,2
103,146,0
103,148,2
103,150,2,0,1
103,151,1,2,0
103,360,0
103,154,1,0,2
103,155,2,0
103,156,2,0,1
103,158,0
103,159,1,0,2
103,160,0
103,161,0
103,162,0,1,2
103,164,1,0,2
103,361,0
103,165,0
103,166,0
103,168,0,1,2
103,362,0
103,169,0
103,170,0
103,171,0,1,2
103,172,0
104,87,0,1,2
104,88,2,1,0
104,89,0,3,2,1
104,90,0,1,2
104,92,2,1,0
104,93,2,0,1
104,94,0,1,2
104,95,0,2,1
104,96,1,2,0
104,97,3,1,0,2
104,91,0,2,1
104,98,2,0,1
104,99,2,1,0
104,171,3,2,0,1
104,170,1,2,0
104,169,1,0,2
104,363,6,5
104,168,2,0,1
104,166,0
104,165,0,2,1
104,164,1,2,0,3
104,162,1,0,2
104,161,2,1,0
104,160,0
104,159,0,2,1
104,158,1,2,0
104,364,0
104,156,0,2,3,1
104,155,0,1,2
104,351,0
104,356,3,1,5,0
104,355,5,1,3,0
104,152,1,0,2
104,352,0
104,148,2,1,0
104,146,0
104,144,0,2
104,143,0
104,141,0,2
104,140,0,2,1
104,139,2,1,0
104,137,0,3
104,136,1,2,0
104,135,2,1,0
104,134,0,2,1
104,133,2,0,1
104,132,0
104,131,0,1,2
104,130,0
104,129,1,2,0
104,128,0
104,45,1,0,2
104,127,1,2,0
104,126,2,0
104,17,1,2,0
104,125,1,2,0
104,124,0,2,1
104,123,1,0,2
104,122,0,1,2
104,120,2,0,1
104,354,5,0,1,3
104,119,0
104,118,0,2,1
104,117,1,2,3,0
104,116,2,0,1,3
104,350,0
104,115,0
104,114,1,0,2
104,113,0,1,2
104,112,0,1,2
104,111,0,1,2,3
104,110,1,0,2
104,109,1,2,0
104,108,2,0
104,107,2,0
104,106,2,1,0
104,105,2,1,0
104,172,1,2,0
105,87,2,1,0
105,88,0,1,2
105,89,2,0,1
105,90,0,1,2
105,92,1,2,0
105,93,1,2,0
105,94,0,2,1
105,95,0,2,1
105,96,1,0,2
105,97,2,0,1
105,91,1,2,0
105,98,0,2,1
105,99,2,0,1
105,144,0,2
105,106,2,1,0
105,107,2,0
105,108,2
105,109,0
105,110,0,1,2
105,111,0,1,2
105,112,0
105,113,0,2,1
105,115,0
105,116,1,0,2
105,117,2,1,0
105,118,2
105,119,0
105,121,0
105,122,1,2,0
105,123,0,2,1
105,126,0,2
105,128,0
105,129,0
105,130,0
105,132,0
105,133,0
105,134,0
105,135,0
105,136,0
105,137,0
105,139,2,0,1
105,140,0
105,143,0
105,146,0
105,147,0
105,365,0
105,148,2
105,149,0
105,150,1,0,2
105,151,2,0,1
105,153,0
105,154,1,0,2
105,155,0,2
105,156,1,2,0
105,158,0
105,159,0,1,2
105,160,0
105,161,0
105,162,1,2,0
105,164,0,2,1
105,165,0
105,166,0
105,168,0,1,2
105,169,0
105,170,0
105,171,0,1,2
105,172,0
106,87,2,0,1
106,88,1,0,2
106,89,0,2,1
106,90,0,1,2
106,92,1,0,2
106,93,1,2,0
106,94,1,2,0
106,95,1,0,2
106,96,1,0,2
106,97,1,0,2
106,91,2,0,1
106,98,1,0,2
106,99,1,0,2
106,107,2,0
106,108,2
106,109,2,1,0
106,110,2,0,1
106,111,0,2,1
106,112,2,0,1
106,113,0,2,1
106,114,1,2,0
106,115,0
106,116,2,0,1
106,117,0,1,2
106,118,2,0,1
106,119,0
106,120,1,0,2
106,366,0
106,121,0
106,122,2,1,0
106,123,0,2,1
106,124,0,1,2
106,125,1,0,2
106,17,0,2,1
106,126,0,2
106,127,1,2,0
106,45,1,0,2
106,128,0
106,129,2,1,0
106,130,0
106,131,2,1
106,132,0
106,133,2,0,1
106,134,0,1,2
106,135,2,0,1
106,136,0,1,2
106,137,0
106,139,2,1,0
106,140,2,1,0
106,141,2,0
106,143,0
106,144,0,2
106,146,0
106,147,0
106,148,1,2,0
106,149,0
106,150,0,2,1
106,151,1,2,0
106,152,0,2,1
106,153,0
106,154,0,2,1
106,155,1,0,2
106,156,0,2,1
106,158,2,0,1
106,159,2,1,0
106,160,0
106,161,2,1,0
106,162,1,0,2
106,367,0
106,164,0,1,2
106,165,0,2,1
106,166,0
106,168,0,2,1
106,169,0,1,2
106,170,1,0,2
106,171,1,2,0
106,172,2,1,0
110,87,0,2,1
110,88,1,0,2
110,89,1,2,0
110,90,2,1,0
110,92,0,2,1
110,93,1,2,0
110,94,2,1,0
110,95,1,2,0
110,96,2,0,1
110,97,0,1,2
110,91,0,2,1
110,98,0,1,2
110,99,0,2,1
110,107,0,2
110,108,0,2
110,109,0
110,111,1,0,2
110,112,0
110,113,0,1,2
110,115,0
110,350,0
110,116,2,1,0
110,117,1,0,2
110,118,2
110,354,3
110,122,1,2,0
110,123,2,1,0
110,126,0,2
110,128,0
110,129,0
110,130,0
110,131,0
110,132,0
110,133,0
110,134,0
110,135,0
110,136,0
110,137,0
110,139,0,1,2
110,140,0
110,144,0,2
110,146,0
110,148,2
110,352,0
110,355,3
110,356,3
110,351,0
110,155,2,0
110,156,0,1,2
110,31,0
110,158,0
110,159,0,2,1
110,160,0
110,208,0
110,161,0
110,162,2,1,0
110,163,0
110,164,1,2,0
110,210,0
110,165,0
110,168,2,0,1
110,169,0
110,170,0
110,171,0,1,2
110,172,0
111,87,2,0,1
111,88,0,2,1
111,89,3,0,1,2
111,90,1,2,0
111,92,2,0,1
111,93,1,2,0
111,94,0,1,2
111,95,0,2,1
111,96,1,0,2
111,97,1,0,3,2
111,91,0,1,2
111,98,1,2,0
111,99,2,1,0
111,107,2,0
111,108,2,0
111,109,0,1,2
111,112,0,1,2
111,113,0,2,1
111,114,0,1,2
111,115,0
111,368,0
111,350,0
111,116,1,3,0,2
111,117,1,3,0,2
111,118,0,2,1
111,354,3
111,120,2,0,1
111,122,1,0,2
111,123,1,0,2
111,124,2,0,1
111,125,0,2,1
111,17,0,1,2
111,126,0,2
111,127,2,0,1
111,45,2,0,1
111,128,0
111,129,1,2,0
111,130,0
111,131,1,0,2
111,132,0
111,133,1,2,0
111,134,1,0,2
111,135,1,0,2
111,136,0,2,1
111,137,3,0
111,139,2,0,1
111,140,2,0,1
111,141,2,0
111,144,0,2
111,146,0
111,148,0,1,2
111,369,0
111,150,0,2,3,1
111,352,0
111,151,1,0,3,2
111,152,0,2,1
111,355,3
111,356,3
111,351,0
111,154,2,3,0,1
111,155,1,0,2
111,156,1,2,3,0
111,370,0
111,364,0
111,158,0,2,1
111,159,2,1,0
111,160,0
111,208,0
111,161,0,2,1
111,162,1,2,0
111,163,0
111,164,1,3,0,2
111,210,0
111,165,2,1,0
111,166,0
111,168,0,2,1
111,169,2,1,0
111,170,0,1,2
111,171,0,3,2,1
111,172,1,0,2
112,87,1,0,2
112,88,0,1,2
112,89,2,0,1
112,90,0
112,92,0
112,93,0,1,2
112,94,0
112,95,0,1,2
112,96,0
112,97,0
112,91,0
112,98,1,2,0
112,99,0
112,109,2,0,1
112,114,0,1,2
112,115,0
112,116,1,2,0
112,117,1,2,0
112,118,1,2,0
112,120,1,0,2
112,122,1,0,2
112,123,0,1,2
112,124,1,0,2
112,371,2,0,1
112,125,0,2,1
112,17,0,2,1
112,127,0,1,2
112,45,2,1,0
112,128,0
112,129,2,0,1
112,130,0
112,131,2,1
112,132,0
112,133,2,1,0
112,134,1,0,2
112,135,2,1,0
112,136,2,0,1
112,137,0
112,139,0
112,140,2,0,1
112,141,2,0
112,146,0
112,148,2,0,1
112,152,0,1,2
112,155,1,2
112,158,2,1,0
112,159,0,2,1
112,160,0
112,161,0,1,2
112,162,1,0,2
112,164,0,1,2
112,210,0
112,165,2,1,0
112,168,1,2,0
112,169,0,1,2
112,170,2,0,1
112,171,0
112,172,1,0,2
117,87,1,2,0
117,88,0,2,1
117,89,2,0,1
117,90,0,2,1
117,92,1,2,0
117,93,0,1,2
117,94,0,1,2
117,95,2,0,1
117,96,0,2,1
117,97,0,2,1
117,91,2,0,1
117,98,0,1,2
117,99,1,2,0
117,107,0,2
117,108,2,0
117,109,0,2,1
117,113,2,1,0
117,114,1,0,2
117,115,0
117,368,0
117,350,0
117,116,0,1,2
117,118,2,0,1
117,354,3
117,120,2,1,0
117,122,0,1,2
117,123,1,2,0
117,124,1,2,0
117,125,0,1,2
117,17,2,0,1
117,127,0,1,2
117,45,0,2,1
117,128,0
117,129,0,1,2
117,130,0
117,131,0,2,1
117,132,0
117,133,2,1,0
117,134,0,1,2
117,135,2,1,0
117,136,2,0,1
117,137,3,0
117,139,1,2,0
117,140,0,1,2
117,141,0,2
117,144,2,0
117,146,0
117,365,0
117,148,1,2,0
117,369,0
117,150,3,0,1,2
117,352,0
117,151,3,1,2,0
117,152,0,1,2
117,355,3
117,356,3
117,351,0
117,154,2,3,0,1
117,155,1,0,2
117,156,2,3,1,0
117,364,0
117,31,0
117,158,1,2,0
117,159,0,1,2
117,160,0
117,161,1,0,2
117,162,1,2,0
117,164,1,2,0
117,165,2,1,0
117,166,0
117,168,2,0,1
117,169,1,2,0
117,170,1,0,2
117,171,3,0,1,2
117,172,1,2,0
122,87,1,2,0
122,88,2,1,0
122,89,2,0,1
122,90,0,2,1
122,92,0,2,1
122,93,1,0,2
122,94,0,1,2
122,95,2,1,0
122,96,2,0,1
122,97,2,0,1
122,91,2,0,1
122,98,1,0,2
122,99,2,0,1
122,107,0,2
122,108,2
122,109,2,1,0
122,113,1,0,2
122,114,0,1,2
122,115,0
122,116,2,1,0
122,118,0,2,1
122,120,0,2,1
122,123,1,0,2
122,124,1,2,0
122,125,1,0,2
122,17,2,0,1
122,126,0,2
122,127,2,1,0
122,45,2,0,1
122,128,0
122,129,0,1,2
122,130,0
122,131,2,1
122,132,0
122,133,0,1,2
122,134,2,1,0
122,135,0,2,1
122,136,0,1,2
122,137,0
122,139,1,0,2
122,140,1,2,0
122,141,2,0
122,144,2,0
122,146,0
122,148,1,0,2
122,149,0
122,152,2,0,1
122,155,2,0,1
122,156,0,1,2
122,32,0
122,158,2,1,0
122,159,2,0,1
122,160,0
122,161,0,1,2
122,162,1,2,0
122,164,1,0,2
122,165,0,2,1
122,168,0,1,2
122,169,1,0,2
122,170,1,0,2
122,171,0,1,2
122,172,2,1,0
123,87,0,2,1
123,88,2,0,1
123,89,1,2,0
123,90,2,0,1
123,92,1,0,2
123,93,2,0,1
123,94,1,0,2
123,95,2,1,0
123,96,2,1,0
123,97,2,0,1
123,91,0,1,2
123,98,0,2,1
123,99,1,0,2
123,107,0,2
123,108,2
123,109,2,1,0
123,113,1,2,0
123,114,1,2,0
123,115,0
123,116,0,2,1
123,118,0,1,2
123,119,0
123,120,2,1,0
123,121,0
123,232,0
123,172,2,1,0
123,171,2,0,1
123,170,1,0,2
123,169,0,1,2
123,168,0,1,2
123,166,0
123,165,1,0,2
123,164,1,0,2
123,163,0
123,162,2,0,1
123,161,1,2,0
123,160,0
123,159,2,1,0
123,158,0,2,1
123,156,1,0,2
123,155,0,2,1
123,154,0,2,1
123,153,0
123,151,1,0,2
123,150,1,2,0
123,149,0
123,148,0,2,1
123,365,0
123,147,0
123,146,0
123,231,0
123,144,2,0
123,143,0
123,141,2,0
123,140,2,1,0
123,139,0,2,1
123,230,0
123,137,0
123,229,0
123,136,1,2,0
123,135,1,2,0
123,134,0,1,2
123,133,0,2,1
123,132,0
123,131,1,2
123,130,0
123,129,2,0,1
123,128,0
123,45,0,2,1
123,127,1,0,2
123,126,2,0
123,125,0,1,2
123,357,3
123,371,1,2,0
123,124,0,1,2
129,87,0,2,1
129,88,0,2,1
129,89,1,0,2
129,90,0
129,92,0
129,93,0,1,2
129,94,0
129,95,1,0,2
129,96,0
129,97,0
129,91,0
129,98,2,1,0
129,99,0
129,109,2,1,0
129,114,0,1,2
129,115,0
129,116,0,1,2
129,118,2,0,1
129,120,0,2,1
129,124,2,1,0
129,125,2,1,0
129,17,0,2,1
129,127,1,2,0
129,45,0,1,2
129,128,0
129,130,0
129,131,2,1
129,132,0
129,133,0,1,2
129,134,0,2,1
129,135,1,0,2
129,136,0,2,1
129,137,0
129,139,0
129,140,0,1,2
129,141,0,2
129,146,0
129,148,2,1,0
129,152,2,0,1
129,155,2,1
129,158,0,1,2
129,159,0,2,1
129,160,0
129,161,0,2,1
129,162,0,2,1
129,164,1,2,0
129,165,0,1,2
129,168,1,2,0
129,169,2,0,1
129,170,2,0,1
129,171,0
129,172,1,0,2
187,372,0
187,310,0
187,311,0
187,373,0
187,152,0
187,374,0
187,32,0
187,375,0
134,87,2,1,0
134,88,2,0,1
134,89,2,0,1
134,90,0
134,92,0
134,93,1,0,2
134,94,0
134,95,2,0,1
134,96,0
134,97,0
134,91,0
134,98,1,2,0
134,99,0
134,109,1,2,0
134,114,0,1,2
134,115,0
134,116,0,2,1
134,118,2,1,0
134,120,1,2,0
134,124,2,1,0
134,371,2,0,1
134,125,2,1,0
134,17,1,2,0
134,127,1,0,2
134,45,0,1,2
134,128,0
134,130,0
134,131,1,2
134,132,0
134,133,1,0,2
134,135,2,0,1
134,136,2,1,0
134,137,0
134,139,0
134,140,0,1,2
134,141,0,2
134,146,0
134,148,1,2,0
134,152,2,1,0
134,155,1,2
134,158,0,2,1
134,159,2,0,1
134,160,0
134,161,1,0,2
134,162,0,2,1
134,164,0,1,2
134,165,0,2,1
134,168,2,1,0
134,169,1,2,0
134,170,1,2,0
134,171,0
134,172,1,2,0
189,372,0
189,310,0
189,311,0
189,373,0
189,152,0
189,374,0
189,32,0
189,375,0
349,234,0
349,233,0
349,113,0
349,376,0
349,358,0
349,377,0
349,359,0
349,238,0
349,378,0
349,240,0
349,360,0
349,379,0
349,361,0
349,362,0
139,87,1,2,0
139,88,2,1,0
139,89,0,2,1
139,90,0,1,2
139,92,2,1,0
139,93,1,0,2
139,94,2,1,0
139,95,2,0,1
139,96,1,2,0
139,97,2,1,0
139,91,1,0,2
139,98,2,1,0
139,99,0,1,2
139,107,0,2
139,108,2
139,109,0
139,113,2,0,1
139,115,0
139,368,0
139,116,0,1,2
139,118,2
139,119,0
139,121,0
139,357,3
139,126,0,2
139,128,0
139,130,0
139,132,0
139,133,0
139,135,0
139,136,0
139,137,0
139,140,0
139,143,0
139,144,2,0
139,146,0
139,147,0
139,365,0
139,148,2
139,369,0
139,149,0
139,150,0,1,2
139,151,2,0,1
139,153,0
139,154,2,1,0
139,155,2,0
139,156,0,2,1
139,32,0
139,158,0
139,159,1,0,2
139,160,0
139,161,0
139,162,1,0,2
139,164,0,1,2
139,165,0
139,166,0
139,168,2,1,0
139,169,0
139,170,0
139,171,2,1,0
139,172,0
99,87,0,1,2
99,88,1,2,0
99,89,0,1,2
99,90,0,2,1
99,92,0,1,2
99,93,2,0,1
99,94,1,2,0
99,95,2,0,1
99,96,1,2,0
99,97,1,2,0
99,91,1,0,2
99,98,1,0,2
99,107,2,0
99,108,2
99,109,0
99,113,2,0,1
99,115,0
99,116,1,0,2
99,118,2,0
99,119,0
99,126,2,0
99,128,0
99,130,0
99,132,0
99,133,0
99,135,0
99,136,0
99,229,0
99,137,0
99,230,0
99,140,0
99,143,0
99,144,0,2
99,231,0
99,146,0
99,148,2,0
99,150,2,0,1
99,151,0,1,2
99,68,2,1,0
99,154,0,2,1
99,155,0,2
99,156,1,0,2
99,158,0
99,159,1,0,2
99,160,0
99,161,0
99,162,2,1,0
99,163,0
99,164,1,0,2
99,165,0
99,168,2,0,1
99,169,0
99,170,0
99,171,1,2,0
99,172,0
99,232,0
158,87,0,1,2
158,88,1,0,2
158,89,2,0,1
158,90,0
158,92,0
158,93,0,2,1
158,94,0
158,95,2,1,0
158,96,0
158,97,0
158,91,0
158,98,0,1,2
158,109,2,0,1
158,115,0
158,350,0
158,116,1,0,2
158,118,2,1,0
158,124,2,0,1
158,17,1,2,0
158,127,1,0,2
158,45,1,0,2
158,128,0
158,130,0
158,131,2,0,1
158,132,0
158,133,2,1,0
158,135,0,2,1
158,136,1,0,2
158,137,0
158,140,0,2,1
158,141,0,2
158,146,0
158,148,1,2,0
158,352,0
158,152,0,1,2
158,351,0
158,155,2,0,1
158,159,2,0,1
158,160,0
158,161,2,1,0
158,162,1,0,2
158,164,0,2,1
158,165,0,2,1
158,168,1,0,2
158,169,1,0,2
158,170,0,2,1
158,171,0
158,172,1,2,0
159,87,2,1,0
159,88,0,1,2
159,89,2,0,1
159,90,0,2,1
159,92,2,0,1
159,93,1,2,0
159,94,2,0,1
159,95,0,1,2
159,96,0,2,1
159,97,1,2,0
159,91,2,0,1
159,98,2,1,0
159,107,0,2
159,108,2,0
159,109,0,2,1
159,113,1,2,0
159,114,0,1,2
159,115,0
159,350,0
159,116,2,1,0
159,118,2,1,0
159,120,1,2,0
159,124,2,1,0
159,17,2,1,0
159,127,2,0,1
159,45,1,0,2
159,128,0
159,130,0
159,131,2,0,1
159,132,0
159,133,1,0,2
159,135,2,0,1
159,136,1,0,2
159,137,0
159,140,0,1,2
159,141,2,0
159,144,0,2
159,146,0
159,148,0,2,1
159,352,0
159,152,0,2,1
159,351,0
159,155,2,1,0
159,156,0,2,1
159,160,0
159,161,2,0,1
159,162,1,2,0
159,163,0
159,164,0,2,1
159,165,0,1,2
159,168,2,1,0
159,169,2,0,1
159,170,0,2,1
159,171,1,0,2
159,172,1,0,2
161,87,2,1,0
161,88,1,0,2
161,89,0,1,2
161,90,0
161,92,0
161,93,1,2,0
161,94,0
161,95,2,0,1
161,96,0
161,97,0
161,91,0
161,98,0,1,2
161,109,2,0,1
161,114,1,0,2
161,115,0
161,350,0
161,116,1,0,2
161,118,0,1,2
161,120,0,2,1
161,124,1,0,2
161,371,2,0,1
161,125,2,0,1
161,17,2,0,1
161,127,1,0,2
161,45,2,1,0
161,128,0
161,130,0
161,131,2,1,0
161,132,0
161,133,1,0,2
161,135,0,2,1
161,136,1,0,2
161,137,0
161,140,1,0,2
161,141,0,2
161,146,0
161,148,1,2,0
161,352,0
161,152,0,2,1
161,351,0
161,155,2,1,0
161,364,0
161,160,0
161,162,1,0,2
161,164,1,2,0
161,165,0,1,2
161,168,0,2,1
161,169,2,0,1
161,170,2,1,0
161,171,0
161,172,2,0,1
162,87,2,0,1
162,88,1,2,0
162,89,2,1,0
162,90,2,0,1
162,92,2,0,1
162,93,1,0,2
162,94,1,0,2
162,95,0,2,1
162,96,1,2,0
162,97,0,1,2
162,91,1,0,2
162,98,0,2,1
162,107,0,2
162,108,0,2
162,109,2,1,0
162,113,0,1,2
162,114,1,2,0
162,115,0
162,116,2,1,0
162,118,2,1,0
162,14,0
162,119,0
162,120,2,1,0
162,255,0
162,124,2,1,0
162,125,2,0,1
162,17,1,0,2
162,126,2,0
162,127,1,0,2
162,45,1,0,2
162,128,0
162,130,0
162,131,1,2
162,132,0
162,133,0,2,1
162,135,0,2,1
162,136,2,1,0
162,137,0
162,140,1,2,0
162,141,2,0
162,143,0
162,144,2,0
162,146,0
162,380,0
162,148,0,2,1
162,150,0,2,1
162,151,1,2,0
162,152,1,0,2
162,154,1,0,2
162,155,1,2,0
162,156,1,0,2
162,32,0
162,160,0
162,172,0,2,1
162,171,2,1,0
162,170,1,2,0
162,169,1,2,0
162,168,0,2,1
162,166,0
162,165,1,0,2
162,361,0
162,164,0,1,2
164,87,1,2,0
164,88,2,0,1
164,89,0,1,2
164,90,0,2,1
164,92,0,2,1
164,93,1,0,2
164,94,0,1,2
164,95,0,2,1
164,96,1,0,2
164,97,1,2,0
164,91,1,2,0
164,98,0,2,1
164,107,0,2
164,108,0,2
164,109,2,1,0
164,113,0,2,1
164,114,2,0,1
164,115,0
164,368,0
164,350,0
164,116,1,0,2
164,118,2,1,0
164,120,0,1,2
164,124,1,2,0
164,371,0,2,1
164,125,1,0,2
164,17,1,2,0
164,126,2,0
164,127,1,0,2
164,45,1,0,2
164,128,0
164,130,0
164,131,1,2,0
164,132,0
164,133,2,0,1
164,135,0,1,2
164,136,2,1,0
164,137,3,0
164,140,0,2,1
164,141,0,2
164,144,0,2
164,146,0
164,365,0
164,148,1,0,2
164,369,0
164,150,2,0,1,3
164,352,0
164,151,0,1,2,3
164,152,1,0,2
164,351,0
164,154,3,0,2,1
164,155,0,2,1
164,156,3,2,1,0
164,364,0
164,160,0
164,172,1,0,2
164,171,0,2,1,3
164,170,1,0,2
164,169,1,0,2
164,168,0,2,1
164,165,0,1,2
168,87,2,1,0
168,88,2,0,1
168,89,2,0,1
168,90,0,2,1
168,92,0,1,2
168,93,2,0,1
168,94,1,2,0
168,95,1,0,2
168,96,2,1,0
168,97,0,2,1
168,91,1,2,0
168,98,2,0,1
168,107,0,2
168,108,0,2
168,109,2,0,1
168,381,0
168,113,0,2,1
168,114,2,1,0
168,115,0
168,368,0
168,350,0
168,116,0,1,2
168,118,2,1,0
168,120,2,1,0
168,382,0
168,124,0,1,2
168,371,1,0,2
168,125,1,2,0
168,17,0,2,1
168,126,2,0
168,358,0
168,127,2,0,1
168,45,0,1,2
168,128,0
168,383,0
168,384,0
168,385,0
168,386,0
168,199,0
168,188,0
168,387,0
168,130,0
168,131,0,2,1
168,132,0
168,133,1,0,2
168,135,1,2,0
168,136,1,2,0
168,137,0
168,140,1,2,0
168,141,2,0
168,144,2,0
168,146,0
168,365,0
168,148,0,1,2
168,369,0
168,150,0,1,2
168,352,0
168,151,2,0,1
168,152,1,0,2
168,388,0
168,351,0
168,28,3
168,68,0
168,154,1,0,2
168,155,2,0,1
168,156,1,2,0
168,364,0
168,160,0
168,208,0
168,163,0
168,210,0
168,165,0,2,1
168,166,0
168,169,1,0,2
168,170,0,2,1
168,389,0
168,171,1,0,2
168,172,1,2,0
168,390,0
171,87,2,0,1
171,88,2,1,0
171,89,1,0,3,2
171,90,1,0,2
171,92,2,1,0
171,93,1,2,0
171,94,2,0,1
171,95,2,0,1
171,96,1,2,0
171,97,1,0,2,3
171,91,0,1,2
171,98,1,0,2
171,107,2,0
171,108,2,0
171,109,0
171,113,0,1,2
171,115,0
171,368,0
171,350,0
171,116,2,3,1,0
171,118,2
171,354,3
171,126,0,2
171,128,0
171,130,0
171,132,0
171,133,0
171,135,0
171,136,0
171,137,3,0
171,140,0
171,144,0,2
171,146,0
171,365,0
171,148,2
171,369,0
171,352,0
171,355,3
171,356,3
171,351,0
171,155,2,0
171,156,3,0,1,2
171,364,0
171,160,0
171,165,0
171,166,0
171,169,0
171,170,0
171,172,0
172,87,1,2,0
172,88,0,2,1
172,89,0,1,2
172,90,0
172,92,0
172,93,0,1,2
172,94,0
172,95,2,1,0
172,96,0
172,97,0
172,91,0
172,98,2,0,1
172,109,2,1,0
172,114,0,2,1
172,115,0
172,116,2,0,1
172,118,1,2,0
172,120,0,2,1
172,124,1,2,0
172,371,1,0,2
172,125,1,2,0
172,17,1,0,2
172,127,0,1,2
172,45,0,2,1
172,128,0
172,130,0
172,131,1,2
172,132,0
172,133,2,1,0
172,135,0,1,2
172,136,2,1,0
172,137,0
172,140,1,0,2
172,141,0,2
172,146,0
172,148,1,0,2
172,152,0,2,1
172,155,1,2
172,207,0
172,160,0
172,165,0,2,1
172,169,0,1,2
172,170,1,2,0
87,152,2,0,1
87,88,0,1,2
87,89,0,2,1
87,90,2,1,0
87,92,1,2,0
87,93,0,2,1
87,94,2,1,0
87,95,0,2,1
87,96,0,2,1
87,97,2,0,1
87,91,0,1,2
87,98,2,1,0
87,107,2,0
87,108,2,0
87,109,0,1,2
87,113,0,1,2
87,114,2,0,1
87,115,0
87,350,0
87,116,1,2,0
87,118,2,1,0
87,120,0,2,1
87,124,1,2,0
87,125,0,1,2
87,17,0,1,2
87,126,0,2
87,127,2,1,0
87,45,1,0,2
87,128,0
87,130,0
87,131,2,1,0
87,132,0
87,133,0,1,2
87,135,0,2,1
87,136,1,2,0
87,391,0
87,392,0
87,137,0
87,140,2,1,0
87,141,0,2
87,144,0,2
87,146,0
87,148,2,1,0
87,352,0
87,351,0
87,153,0
87,155,1,2,0
87,156,1,0,2
87,364,0
87,393,0
87,394,0
87,160,0
87,165,0,2,1
87,166,0
87,169,0,2,1
87,170,1,0,2
88,89,0,2,1
88,90,1,2,0
88,92,1,2,0
88,93,1,2,0
88,94,1,2,0
88,95,0,1,2
88,96,0,1,2
88,97,2,0,1
88,91,0,2,1
88,98,0,2,1
88,107,0,2
88,108,2
88,109,0,1,2
88,113,0,2,1
88,114,0,2,1
88,115,0
88,116,0,2,1
88,118,1,2,0
88,119,0
88,120,2,1,0
88,121,0
88,124,0,1,2
88,125,1,2,0
88,17,0,1,2
88,126,0,2
88,127,0,1,2
88,45,0,1,2
88,128,0
88,130,0
88,131,1,2
88,132,0
88,133,2,1,0
88,135,0,1,2
88,136,0,2,1
88,137,0
88,140,1,0,2
88,141,0,2
88,143,0
88,144,2,0
88,146,0
88,147,0
88,148,1,2,0
88,149,0
88,150,2,1,0
88,151,2,0,1
88,152,2,1,0
88,153,0
88,154,2,0,1
88,155,0,1,2
88,156,2,0,1
88,160,0
88,165,2,1,0
88,166,0
88,169,0,2,1
88,170,0,1,2
89,127,0,2,1
89,90,1,2,0
89,92,2,1,0
89,93,1,2,0
89,94,0,2,1
89,95,0,2,1
89,96,0,2,1
89,97,2,1,0
89,91,1,2,0
89,98,1,2,0
89,107,0,2
89,108,0,2
89,109,0,1,2
89,113,1,0,2
89,114,2,1,0
89,115,0
89,368,0
89,116,0,2,1
89,118,1,2,0
89,119,0
89,120,1,0,2
89,124,2,1,0
89,125,1,0,2
89,17,0,2,1
89,126,2,0
89,45,2,0,1
89,128,0
89,130,0
89,131,1,2
89,132,0
89,133,0,2,1
89,135,2,0,1
89,136,1,2,0
89,137,0,3
89,140,0,1,2
89,141,2,0
89,143,0
89,144,2,0
89,146,0
89,365,0
89,148,2,1,0
89,369,0
89,150,0,2,1,3
89,151,0,2,3,1
89,152,0,2,1
89,154,1,3,0,2
89,155,0,1,2
89,156,3,0,1,2
89,394,0
89,160,0
89,165,1,0,2
89,166,0
89,169,2,0,1
89,170,1,2,0
90,92,0,1,2
90,93,2,0,1
90,94,1,0,2
90,95,2,0,1
90,96,0,2,1
90,97,0,1,2
90,91,0,2,1
90,98,0,2,1
90,107,2,0
90,108,2
90,109,0
90,113,1,2,0
90,115,0
90,116,0,1,2
90,118,2
90,119,0
90,121,0
90,126,0,2
90,128,0
90,130,0
90,132,0
90,133,0
90,135,0
90,136,0
90,137,0
90,140,0
90,143,0
90,144,0,2
90,146,0
90,147,0
90,148,2
90,149,0
90,150,2,1,0
90,151,2,1,0
90,153,0
90,154,2,0,1
90,155,2,0
90,156,1,0,2
90,160,0
90,165,0
90,166,0
90,169,0
90,170,0
92,116,2,1,0
92,118,2
92,354,3
92,126,2,0
92,128,0
92,130,0
92,131,0
92,132,0
92,133,0
92,135,0
92,136,0
92,137,0
92,140,0
92,144,0,2
92,146,0
92,148,2
92,352,0
92,355,3
92,356,3
92,351,0
92,28,5
92,155,2,0
92,156,0,2,1
92,160,0
92,165,0
92,166,0
92,169,0
92,170,0
92,93,1,2,0
92,94,2,1,0
92,95,0,2,1
92,96,2,1,0
92,97,1,0,2
92,91,1,2,0
92,98,2,0,1
92,107,0,2
92,108,2,0
92,109,0
92,113,2,1,0
92,115,0
92,350,0
93,135,0,1,2
93,136,2,1,0
93,395,0
93,396,0
93,137,0
93,262,0
93,140,1,0,2
93,141,0,2
93,143,0
93,144,0,2
93,146,0
93,147,0
93,148,0,2,1
93,149,0
93,150,1,0,2
93,151,1,2,0
93,152,1,2,0
93,153,0
93,154,0,1,2
93,155,2,1,0
93,156,0,1,2
93,32,0
93,397,0
93,160,0
93,398,0
93,165,2,1,0
93,166,0
93,169,0,1,2
93,170,1,0,2
93,94,2,0,1
93,95,0,2,1
93,96,0,2,1
93,97,0,1,2
93,91,1,2,0
93,399,0
93,98,2,1,0
93,107,0,2
93,108,2
93,109,0,1,2
93,113,1,0,2
93,114,1,0,2
93,115,0
93,116,1,2,0
93,118,0,2,1
93,119,0
93,120,2,1,0
93,121,0
93,124,1,2,0
93,125,2,1,0
93,17,2,1,0
93,126,2,0
93,127,0,1,2
93,400,0
93,45,0,2,1
93,128,0
93,130,0
93,131,1,2
93,132,0
93,133,0,1,2
94,154,1,0,2
94,170,0
94,169,0
94,166,0
94,165,0
94,160,0
94,394,0
94,156,1,0,2
94,155,0,2
94,351,0
94,151,1,0,2
94,150,2,0,1
94,369,0
94,148,2
94,365,0
94,146,0
94,144,0,2
94,140,0
94,137,0
94,136,0
94,135,0
94,133,0
94,132,0
94,130,0
94,128,0
94,126,2,0
94,118,2
94,116,0,1,2
94,350,0
94,368,0
94,115,0
94,113,2,1,0
94,109,0
94,108,0,2
94,107,0,2
94,98,1,0,2
94,91,1,0,2
94,97,2,0,1
94,96,2,0,1
94,95,0,2,1
95,96,1,0,2
95,97,2,1,0
95,91,1,0,2
95,98,0,1,2
95,107,2,0
95,108,2
95,109,0,2,1
95,113,0,2,1
95,114,1,2,0
95,115,0
95,116,2,0,1
95,118,2,0,1
95,119,0
95,120,1,2,0
95,247,0
95,124,0,2,1
95,125,0,2,1
95,17,1,2,0
95,126,0,2
95,127,2,0,1
95,45,1,2,0
95,128,0
95,130,0
95,131,1,2
95,132,0
95,133,1,0,2
95,135,1,2,0
95,136,1,2,0
95,137,0
95,140,2,0,1
95,141,0,2
95,143,0
95,144,2,0
95,146,0
95,148,1,2,0
95,150,2,0,1
95,151,2,1,0
95,152,2,0,1
95,154,2,1,0
95,155,1,0,2
95,156,1,2,0
95,32,0,4
95,160,0
95,79,0
95,165,1,2,0
95,166,0
95,169,2,0,1
95,170,1,2,0
97,96,1,2,0
97,91,0,2,1
97,98,0,2,1
97,107,2,0
97,108,0,2
97,109,0
97,113,2,1,0
97,115,0
97,368,0
97,350,0
97,116,2,1,0
97,118,2
97,354,3
97,126,0,2
97,128,0
97,130,0
97,132,0
97,133,0
97,135,0
97,136,0
97,137,3,0
97,140,0
97,144,0,2
97,146,0
97,365,0
97,148,2
97,369,0
97,352,0
97,355,3
97,356,3
97,351,0
97,155,2,0
97,156,1,2,0,3
97,364,0
97,160,0
97,165,0
97,169,0
97,170,0
91,96,0,2,1
91,107,0,2
91,108,2
91,109,0
91,113,2,1,0
91,115,0
91,116,2,1,0
91,118,2
91,119,0
91,126,2,0
91,128,0
91,130,0
91,132,0
91,133,0
91,135,0
91,136,0
91,137,0
91,140,0
91,143,0
91,144,2,0
91,146,0
91,313,0
91,148,2
91,150,1,2,0
91,151,2,1,0
91,154,1,2,0
91,155,2,0
91,156,0,1,2
91,160,0
91,165,0
91,169,0
91,170,0
91,98,0,1,2
401,252,0
252,402,0
252,191,0
252,251,0
252,403,0
252,253,0
252,404,0
405,316,0
316,406,0
316,407,0
316,201,0
316,408,0
316,409,0
316,410,0
316,411,0
316,412,0
316,28,5
316,413,0
316,275,0
316,414,0
415,416,0
416,417,0
416,418,0
416,419,0
416,420,0
421,422,0
421,423,0
421,424,0
422,425,0
423,424,0
423,426,0
423,427,0
423,428,0
423,429,0
423,430,0
423,431,0
423,432,5
423,433,0
423,434,0
423,435,0
423,436,0
423,142,0
423,145,0
423,437,0
423,438,0
423,167,0
423,246,0
424,249,0
424,78,0
424,246,0
424,19,0
424,434,0
424,435,0
424,436,0
424,269,0
424,439,0
424,33,0
424,430,0
424,431,0
249,33,0
249,431,0
249,255,0
249,215,0
249,440,0
249,434,0
249,262,0
249,436,0
249,441,0
249,27,3,1
249,220,0
249,28,1,5,0,2
249,442,0
249,443,2,1,0
249,444,0
249,163,0
249,78,0
78,429,0
78,445,0
78,430,0
78,446,0
78,214,0
78,447,0
78,188,0
78,448,0
78,23,0
78,68,0
78,208,0
78,163,0
246,37,2
246,381,0
246,430,0
246,303,0
246,449,0
246,254,2
246,114,0
246,431,2
246,118,2
246,38,0,3
246,120,0
246,255,0
246,450,0
246,451,0
246,452,0
246,453,4
246,284,5,6
246,285,6,5
246,43,0,3
246,454,3,5
246,455,4
246,456,0
246,457,0
246,287,0
246,384,0
246,386,0
246,188,0
246,288,6,5
246,458,0
246,238,0
246,459,0
246,49,0,3
246,460,5,6
246,19,2
246,434,2
246,240,0
246,461,2
246,51,3,0
246,462,0
246,435,0
246,436,2
246,441,0
246,463,2
246,464,2
246,54,0,3
246,58,2
246,465,4
246,148,2
246,149,2
246,150,2
246,151,2
246,466,2
246,243,0
246,467,4
246,343,0
246,66,2
246,468,4
246,469,0
246,28,3,5,2
246,470,0
246,154,2
246,273,5,3,6
246,471,0
246,304,0
246,31,2
246,32,2
246,472,5,3
246,473,4
246,474,0
246,348,0
246,160,0
246,76,2
246,81,0,3
246,166,2
246,279,2
246,475,0
19,476,0
19,432,0
19,20,0
19,434,2,0
19,464,0,2
19,27,2,0
19,28,2
19,227,2
434,13,0
434,429,0
434,33,0
434,432,0
434,20,0
434,448,0
434,435,2
434,436,0
434,142,4
434,441,0
435,430,0
435,114,0
435,431,2
435,118,2
435,120,0
435,255,0
435,452,0
435,458,0
435,436,2
435,441,0
435,148,2
435,149,2
435,150,2
435,151,2
435,154,2
435,32,2
435,474,0
435,279,2
436,429,0
436,33,0
436,118,2
436,432,0
436,448,0
436,142,4
436,441,0
436,226,2
436,279,2
269,234,0
269,477,0
269,478,3,5,0,1
269,479,0
269,480,3,5,0
269,256,0
269,432,0
269,481,0
269,258,0
269,378,5,0,1,3
269,482,0
269,483,0
269,260,0
269,261,0
269,262,0
269,263,0
269,264,0
269,265,0
269,24,0
269,266,0
269,329,0,3,5
269,268,0
269,439,3,5,0,1
269,270,0
269,484,0
269,273,0
269,485,0
269,486,0
269,487,3,5,0
269,290,0
269,207,0
269,488,0
269,275,0
269,334,0,3,5
269,489,5,3,0
269,490,5,3,0
439,478,0,3,1,5
439,480,5,3,0,1
439,491,1,3,5,0
439,492,5,0,1,3
439,432,0
439,493,0
439,378,1,0,5,3
439,494,3,0,5,1
439,495,1,0,3,5
439,292,0
439,58,0
439,496,1,5,3
439,329,5,1,0,3
439,497,0
439,484,0
439,498,0
439,499,1,3,5,0
439,500,0,3,5,1
439,501,0
439,487,5,0,3,1
439,488,0
439,502,5,1,3
439,503,1,3,5
439,504,0
439,334,0,1,5,3
439,489,0,1,5,3
439,505,1,3,5
439,490,5,0,3,1
33,429,0
33,445,0
33,430,0
33,446,0
33,214,0
33,447,0
33,188,0
33,448,0
33,23,0
33,68,0
33,471,0
33,208,0
33,163,0
33,212,0
430,506,0
430,429,0
430,507,0
430,28,0
430,31,0
431,13,0
431,429,0
431,508,0
431,432,0
431,448,0
431,142,4
431,441,0
509,400,0,1
509,510,2,0
509,511,0
509,460,0
509,208,0
509,163,0
509,399,0,1
400,254,0
400,357,0
400,188,1
400,32,1
400,510,1
400,166,1
510,216,2
510,217,2
510,218,2
510,327,2,0
510,188,0
510,238,0
510,240,0
510,219,2
510,28,1,3
510,221,2
510,222,2
510,399,1
511,197,0
511,255,0
511,451,0
511,456,0
511,457,0
511,342,0
511,470,0
511,155,0
511,471,0
460,237,6,5
460,391,0
460,392,0
460,512,0
208,17,0
208,18,0
208,513,0
208,514,0
208,314,0
208,68,0
208,226,0
208,32,0
163,116,0
163,118,0
163,447,0
163,357,0
163,198,0
163,258,0
163,515,0
163,137,0
163,328,0
163,148,0
163,150,0
163,151,0
163,68,0
163,154,0
163,156,0
163,32,0
163,213,0
399,254,0
399,357,0
399,188,1
399,32,1
399,166,1
516,517,0
516,234,0
516,518,0
516,519,0
516,28,3,1
516,520,0
517,521,0
517,432,0
517,522,0
517,58,0
517,523,0
517,28,5
517,290,0
517,524,0
517,525,0
234,526,0
234,451,0
234,216,2
234,527,0
234,528,0
234,480,0
234,507,0
234,256,0
234,309,0
234,456,0
234,457,0
234,287,0
234,258,0
234,238,0
234,482,0
234,529,0
234,260,0
234,261,0
234,262,0
234,240,0
234,340,0
234,263,0
234,530,0
234,531,0
234,265,0
234,532,0
234,142,0
234,24,0
234,514,0
234,144,0
234,145,0
234,533,0
234,534,0
234,535,2
234,536,0
234,219,2
234,268,0
234,537,0
234,270,0
234,437,0
234,538,0
234,344,0
234,345,0
234,469,0
234,28,0
234,248,0
234,539,0
234,540,0
234,541,0
234,470,0
234,321,0
234,271,0
234,272,0
234,542,0
234,543,0
234,477,0
234,336,0
234,544,0
234,545,0
234,546,0
234,254,0
234,547,0
234,14,0
234,548,0
234,479,0
234,549,0
234,550,2
234,490,0
234,222,2
234,471,0
234,551,0
234,364,0
234,31,2
234,552,0
234,487,0
234,274,0
234,394,0
234,207,0
234,276,0
234,489,0
234,553,0
234,277,0
234,278,0
234,167,0
234,525,0
518,193,0
518,554,0
518,555,0
518,556,0
518,557,0
518,558,0
518,559,0
518,560,0
518,561,0
518,562,0
518,563,0
518,564,0
518,565,0
518,566,0
518,194,0
518,567,3,2,5
518,568,0
518,569,0
518,570,0
518,571,3,5,2
518,572,0
518,525,0
519,193,0
519,554,0
519,555,0
519,557,0
519,558,0
519,563,0
519,564,0
519,565,0
519,194,0
519,567,2,5,3
519,568,0
519,569,0
519,571,5,2,3
519,572,0
519,525,0
28,573,0
28,37,2
28,118,2,5
28,325,5
28,38,0,5
28,236,3,0
28,574,5
28,575,5
28,576,4
28,284,6,5,0
28,285,6,5,0
28,43,0,5
28,454,5,3
28,327,0,6
28,481,0
28,577,5
28,578,1,6,0,2
28,288,0,5,6
28,579,4
28,580,0
28,49,5,0
28,239,3,0
28,202,0
28,581,3,0,5,1,2
28,190,5,3,6,2
28,262,0
28,461,2
28,51,0,5
28,241,0,3
28,582,0
28,583,0,2,6,1
28,328,1
28,463,2
28,242,3,0
28,54,5,0
28,535,1,0
28,365,0
28,584,5
28,330,5
28,331,5
28,148,2,5
28,314,0
28,27,1,3,0,2,6,5
28,150,0,3
28,204,1,0
28,352,3
28,151,0,3
28,585,0
28,270,2
28,586,1
28,466,2
28,587,1
28,205,0
28,588,0,5
28,589,5
28,343,5,3
28,66,2
28,469,0
28,567,5
28,248,3,6,5,2,1,0
28,68,3
28,413,5
28,590,5,0
28,154,0,3
28,591,0,5
28,273,0
28,485,0
28,592,0
28,31,2
28,32,2,0
28,472,3,5
28,486,0
28,443,0,2,1
28,348,3,5
28,227,2
28,394,3,5
28,333,5
28,571,5
28,76,2
28,520,5
28,245,0,3
28,81,0,5
28,211,0,1
28,166,5,2
28,212,0
28,279,2
28,525,3,1
28,185,3,5,2,6
28,593,1
520,521,0
520,432,0
520,522,0
520,58,0
520,523,0
520,290,0
520,524,0
520,525,0
594,591,0
594,576,0
594,595,0
594,579,0
594,596,0
591,402,0
591,417,0
591,418,0
591,597,0
591,598,0
591,419,0
591,412,0
591,403,0
591,404,0
591,212,0
576,126,0
576,599,0
576,79,3
595,411,0
579,126,0
579,599,0
579,79,3
13,31,0
13,600,0
13,254,0
13,236,5,1,0,6
13,432,0
13,601,0
13,238,0,2
13,239,6,5,1,0
13,602,0
13,448,0
13,261,0,2
13,262,0,2
13,240,0,2
13,241,6,0,5,1
13,264,0
13,22,0
13,24,0
13,463,0
13,242,6,5,1,0
13,603,0
13,466,0
13,248,1
13,271,0
13,275,0
13,604,0
13,245,6,1,5,0
31,37,1,0,2
31,605,0
31,228,0
31,118,3
31,216,2
31,217,2
31,218,2
31,18,0
31,202,0
31,190,0,2
31,22,0
31,606,0
31,464,0
31,219,2
31,148,3
31,149,2
31,205,0
31,66,0,2,1
31,301,2
31,155,0
31,607,0
31,32,3,6,4,2,0,1
31,608,0
31,221,2
31,609,0
31,610,0
31,76,2,0,1
31,166,2
31,212,0
31,279,2
31,185,0,2
31,222,2
600,394,0
600,428,0
600,611,0
600,612,0
600,18,0
600,22,0
600,313,0
600,552,0
254,118,2
254,14,0
254,480,0
254,454,0
254,309,0
254,432,0
254,257,0
254,258,0
254,260,0
254,261,0
254,461,0,2
254,263,0
254,22,0
254,24,0
254,463,2,0
254,313,0
254,267,0,2
254,58,2
254,148,2
254,27,2
254,268,0
254,427,0
254,270,2,0
254,466,2,0
254,497,0
254,153,0
254,271,0
254,272,0
254,226,2
254,32,2
254,472,0
254,289,0
254,501,0
254,487,0
254,275,0
254,276,0
254,489,0
254,277,0
254,166,0
254,279,2
254,490,0
236,613,0
236,14,0
236,38,6,5,2,0,3
236,43,3,2,0,5,6
236,44,0,3,5,6
236,614,0
236,327,4
236,615,3
236,238,6,1,0
236,616,3
236,617,0
236,49,0,2,3,5,6
236,261,5,6,1,0
236,262,1,0,6
236,240,6,0,1
236,340,3,5
236,51,2,0,3,5,6
236,22,6,1,5,0
236,54,5,2,3,0,6
236,618,3
236,619,0
236,344,5,3
236,345,3,5
236,567,2,3,5,0
236,364,0
236,571,3,2,0,5
236,620,3
236,81,3,5,0,6,2
236,621,3
236,622,3
236,623,3
236,185,0
432,429,0
432,478,0
432,624,0
432,625,0
432,480,0
432,455,0
432,626,0
432,627,0
432,456,0
432,628,0
432,257,0
432,286,0
432,629,0
432,493,0
432,378,0
432,602,0
432,531,0
432,22,0
432,267,0
432,329,0
432,427,0
432,271,0
432,442,0
432,498,0
432,289,0
432,487,0
432,290,0
432,444,0
432,227,0
432,504,0
432,334,0
432,489,0
432,490,0
601,22,0
601,603,0
238,37,1,0
238,611,0
238,237,0
238,188,0
238,630,0
238,239,0,6,1
238,260,0,2
238,261,2,0
238,262,0,2
238,241,0,1,6
238,22,2,0
238,23,0
238,142,0
238,533,0,1,2
238,242,0,1,6
238,61,0
238,66,0,1
238,631,0
238,592,0
238,394,0
238,76,0,1
238,245,6,0,1
238,166,0
238,279,0
239,613,0
239,14,0
239,38,3,0,6,5
239,43,0,5,6,3
239,44,6,0
239,614,0
239,615,3
239,616,3
239,617,0
239,49,0,5,3,6
239,261,5,0,1,6
239,262,6,0,1
239,240,0,6,1
239,51,6,5,3,0
239,22,0,1,5,6
239,54,6,0,3,5
239,618,3
239,619,0
239,567,0,5,3
239,364,0
239,571,5,0,3
239,620,3
239,81,6,5,0,3
239,621,3
239,185,0
602,624,0
602,628,0
602,22,0
602,27,0
602,427,0
602,271,0
602,272,0
602,276,0
602,277,0
448,632,0
448,428,0
448,447,0
448,440,0
448,22,0
448,27,0
448,633,0
448,634,0
261,396,0
261,635,0
261,636,0
261,260,2,0
261,262,2,0
261,240,2,0
261,241,0,1,6,5
261,264,0
261,22,0,2
261,265,0
261,24,0
261,514,0
261,637,1
261,242,5,0,1,6
261,343,1,0
261,248,1
261,271,0
261,273,0
261,592,0
261,397,0
261,274,0
261,348,0,1
261,275,0
261,638,0
261,245,0,1,5,6
261,278,0
261,166,0
262,639,0
262,257,0
262,260,0,2
262,240,0,2
262,263,0
262,241,1,0,6
262,264,0
262,22,0,2
262,265,0
262,142,0
262,266,0
262,533,2,0
262,242,1,6,0
262,640,0
262,314,0
262,268,0
262,248,1
262,271,0
262,641,0
262,273,0
262,485,0
262,592,0
262,364,0
262,274,0
262,394,0
262,275,0
262,245,0,6,1
262,278,0
240,37,0,1
240,611,0
240,237,0
240,188,0
240,630,0
240,260,2,0
240,241,1,0,6
240,22,0,2
240,23,0
240,142,0
240,533,0,1,2
240,242,6,0,1
240,61,0
240,66,0,1
240,631,0
240,592,0
240,274,0
240,394,0
240,76,1,0
240,245,0,6,1
240,278,0
240,166,0
240,279,0
241,613,0
241,14,0
241,38,0,5,6,3
241,43,3,6,5,0
241,44,0,6
241,614,0
241,615,3
241,616,3
241,617,0
241,49,6,5,0,3
241,51,0,3,5,6
241,22,5,1,0,6
241,54,3,6,5,0
241,618,3
241,619,0
241,567,0,3,5
241,364,0
241,571,5,3,0
241,620,3
241,81,5,6,0,3
241,621,3
241,185,0
264,190,0
264,260,0
264,22,0
264,265,0
264,24,0
264,514,0
264,266,0
264,535,0
264,185,0
22,24,0
22,242,1,0,5,6
22,603,0
22,248,1
22,271,0
22,275,0
22,245,1,6,5,0
24,429,0
24,479,0
24,453,4
24,256,0
24,481,0
24,482,0
24,635,0
24,260,0
24,263,0
24,514,0
24,535,0
24,268,0
24,427,0
24,301,0
24,271,0
24,272,0
24,542,0
24,32,0
24,486,0
24,274,0
24,275,0
24,276,0
24,638,0
24,277,0
24,278,0
463,642,0
463,643,0
463,574,0
463,453,0
463,480,0
463,455,0
463,286,0
463,58,0,2
463,465,0
463,466,0
463,497,0
463,467,0
463,468,0
463,271,0
463,289,0
463,487,0
463,473,0
463,207,0
463,489,0
463,644,0
463,490,0
463,645,0
242,613,0
242,14,0
242,38,0,3,5,2,6
242,43,5,6,2,3,0
242,44,6,0,5,3
242,614,0
242,327,4
242,615,3
242,616,3
242,617,0
242,49,5,0,6,2,3
242,340,3,5
242,51,2,3,0,5,6
242,54,0,5,2,3,6,4
242,618,3
242,619,0
242,344,3,5
242,345,3,5
242,567,5,3,0,2
242,364,0
242,571,3,5,2,0
242,620,3
242,81,0,6,5,3,2
242,621,3
242,185,0
466,642,0
466,643,0
466,574,0
466,453,0
466,480,0
466,455,0
466,286,0
466,58,0,2
466,465,0
466,497,0
466,467,0
466,468,0
466,271,0
466,289,0
466,487,0
466,473,0
466,207,0
466,489,0
466,644,0
466,490,0
466,645,0
248,646,0
248,260,1
248,263,0
248,647,0
248,268,0
248,588,5
248,648,0
248,68,0
248,321,0
248,649,0
248,650,0
248,651,0
271,624,0
271,14,0
271,453,0
271,480,0
271,309,0
271,455,0
271,258,0
271,260,0
271,461,0
271,263,0
271,267,0
271,465,0
271,268,0
271,270,0
271,497,0
271,467,0
271,468,0
271,272,0
271,487,0
271,473,0
271,227,0
271,275,0
271,604,0
271,276,0
271,652,0
271,489,0
271,277,0
271,490,0
275,653,0
275,14,0
275,480,0
275,454,0
275,309,0
275,257,0
275,629,0
275,258,0
275,493,0
275,378,0
275,260,0
275,409,0
275,410,0
275,267,0
275,329,0
275,270,0
275,497,0
275,272,0
275,498,0
275,499,0
275,472,0
275,487,0
275,227,0
275,394,0
275,207,0
275,504,0
275,276,0
275,334,0
275,489,0
275,277,0
275,166,0
275,490,0
604,573,0
604,624,0
604,628,0
604,654,0
604,655,0
604,656,0
245,613,0
245,14,0
245,38,5,0,3,6
245,43,3,6,5,0
245,44,6,0
245,614,0
245,615,3
245,616,3
245,617,0
245,49,6,5,0,3
245,51,6,3,0,5
245,54,0,3,5,6
245,618,3
245,619,0
245,567,0,3,5
245,364,0
245,571,0,5,3
245,620,3
245,81,6,3,0,5
245,621,3
245,185,0
657,658,0
657,280,0
657,281,0
657,282,0
657,659,0
657,283,0
658,659,0
658,318,0
280,184,0
280,283,0
281,184,0
282,184,0
283,312,0
283,184,0
632,660,4
632,661,0
632,411,0
632,484,0
632,226,0
632,551,1
632,592,0
632,526,1
632,428,0
632,483,0
632,536,1
660,662,0
661,526,1,0
661,508,0
661,663,0
661,664,0
661,447,0
661,528,0
661,229,0
661,483,0
661,230,0
661,231,0
661,328,2,0
661,536,1,0
661,665,0
661,226,0
661,551,0,1
661,666,0
661,667,0
661,668,0
661,669,0
661,232,0
411,79,0
484,663,0
484,483,0
484,225,0
484,488,0
484,553,0
484,670,0
226,308,0
226,480,0
226,286,0
226,483,0
226,190,1
226,671,1
226,267,2
226,58,2
226,150,2
226,151,2
226,270,2
226,64,0
226,317,0
226,154,2
226,32,2
226,487,0
226,489,0
226,638,0
226,553,0
226,279,2
226,185,1
226,490,0
226,593,0,2
551,445,2,0
551,451,0,1
551,528,1,0
551,580,0
551,512,0
551,582,0
551,672,0
551,328,0
551,533,2
551,673,0
551,584,1,0
551,674,0
551,641,0
551,273,0
551,607,0
551,485,0
551,675,1,0
551,471,0,1
551,676,1
551,592,0,1
551,364,0
551,677,0
551,210,0
551,244,0
592,526,0,1
592,451,0
592,260,0
592,536,1,0
592,674,0
592,641,0
592,273,0
592,485,0
592,675,0
592,471,0
592,676,0
526,584,1,0
526,641,0
526,273,0
526,607,0
526,445,0,2
526,528,0,1
526,580,0
526,512,0
526,582,0
526,672,0
526,328,0
526,533,2
526,673,0
526,677,0
526,244,0
526,210,0
526,485,0
526,675,0,1
526,676,1
526,364,0
428,678,0
428,506,0
428,426,0
428,437,0
428,284,0
428,285,0
428,288,0
428,18,0
428,142,0
428,145,0
428,167,0
536,445,0,2
536,528,1,0
536,580,0
536,512,0
536,582,0
536,672,0
536,328,0
536,533,2
536,673,0
536,584,0,1
536,641,0
536,273,0
536,607,0
536,485,0
536,675,1,0
536,676,1
536,364,0
536,677,0
536,244,0
536,210,0
584,528,0
584,636,0
584,673,0
584,679,0
641,544,0
641,527,0
641,258,0
641,458,0
641,204,0
641,539,0
641,674,0
641,211,0
641,364,0
641,273,0
641,607,0
641,485,0
641,675,0
641,471,0
641,676,0
273,544,0
273,237,3,6,5
273,451,0
273,527,0
273,456,0
273,457,0
273,258,0
273,396,0
273,265,0
273,266,0
273,342,1
273,539,0
273,470,0
273,674,0
273,607,0
273,485,0
273,675,0
273,471,0
273,676,0
273,364,0
273,397,0
273,274,0
273,680,0
273,681,0
273,278,0
273,166,0
607,451,0
607,682,0
607,456,0
607,457,0
607,636,0
607,144,0
607,470,0
607,674,0
607,485,0
607,675,0
607,471,0
607,676,0
445,683,0
528,544,0
528,527,0
528,684,0
528,537,0
528,539,0
528,685,0
528,675,0
528,676,0
528,364,0
528,686,0
580,687,0
580,688,2,1,0
580,425,3
580,582,0
580,243,3
580,469,0
512,544,0
512,527,0
512,314,0
512,539,0
512,675,0
512,364,0
582,687,0
582,688,2,0,1
582,425,3
582,243,3
582,469,0
672,689,0
672,690,0
672,294,0
328,664,0
328,666,0
328,669,0
533,691,1
533,142,0
533,692,1
533,637,1
673,679,0
677,451,0
677,675,0
677,471,0
677,676,0
677,693,0
244,107,0
244,114,0
244,120,0
244,694,0
244,126,0
244,144,0
244,155,0
244,695,0
244,696,0
244,185,0
244,593,0
210,697,0
210,255,0
210,382,0
210,126,0
210,200,0
210,203,0
210,380,0
210,388,0
210,68,0
210,155,0
210,209,0
210,389,0
210,390,0
485,544,0
485,451,0
485,527,0
485,258,0
485,265,0
485,514,0
485,266,0
485,150,0
485,151,0
485,539,0
485,154,0
485,674,0
485,675,0
485,471,0
485,676,0
485,364,0
485,680,0
485,681,0
675,451,0
675,456,0
675,457,0
675,698,0
675,470,0
675,674,0
675,364,0
675,166,0
675,471,0
675,676,0
675,304,0
676,451,0
676,456,0
676,457,0
676,470,0
676,674,0
676,471,0
676,304,0
364,544,0
364,546,0
364,451,0,2
364,527,0
364,456,2,0
364,457,0,2
364,662,0
364,136,0
364,263,0
364,265,0
364,268,0
364,352,0
364,539,0
364,541,0
364,470,2,0
364,674,0
364,471,2,0
364,699,2
678,429,0
678,426,0
429,459,0
426,506,0
426,438,0
426,433,0
426,142,0
426,145,0
426,437,0
426,167,0
506,700,0
506,507,0
506,701,0
507,15,0
507,286,0
507,287,0
507,459,0
507,702,0
701,376,0
701,199,0
701,703,0
701,704,0
701,166,0
394,113,0
394,116,0
394,481,0
394,705,0
394,18,0
394,263,0
394,530,0
394,142,0
394,313,0
394,268,0
394,585,0
394,538,0
394,343,0
394,321,0
394,706,0
394,486,0
394,552,0
394,348,0
394,166,0
394,549,0
611,687,0
611,481,0
611,635,0
611,260,0
611,707,0
611,314,0
611,243,0
611,469,0
611,486,0
611,638,0
612,708,0
612,705,0
612,18,0
612,581,0
612,709,0
612,710,0
612,166,0
18,711,0
18,705,0
18,313,0
18,585,0
18,633,0
18,710,0
18,712,0
313,308,0
313,713,4
313,629,0
313,705,0
313,530,0
313,142,0
313,427,0
313,538,0
313,317,0
313,714,0
313,499,0
313,715,0
313,500,0
313,166,0
313,549,0
552,481,0
552,288,0
552,396,0
552,263,0
552,268,0
552,716,0
552,397,0
438,376,0
438,433,0
438,717,0
438,142,0
433,446,0
433,214,0
433,718,0
433,717,0
433,719,0
433,683,0
433,142,0
433,145,0
433,437,0
433,720,0
433,167,0
142,721,0
142,481,0
142,188,0
142,717,0
142,529,0
142,223,0
142,145,0
142,535,0
142,437,0
142,469,0
142,225,0
142,486,0
142,722,0
142,167,0
142,723,0
142,724,0
145,717,0
145,725,0
145,437,0
145,155,0
145,726,0
145,167,0
437,717,0
437,167,0
167,717,0
167,725,0
167,155,0
167,726,0
427,629,0
427,258,0
427,714,0
427,289,0
284,727,0
284,728,0
284,729,0
284,190,0
284,730,0
284,731,0
284,702,0
284,185,0
285,727,0
285,728,0
285,729,0
285,190,0
285,730,0
285,731,0
285,702,0
285,185,0
288,732,0
288,727,0
288,728,0
288,662,0
288,733,0
288,729,0
288,190,0
288,730,0
288,731,0
288,702,0
288,185,0
734,711,0
459,446,0
459,735,0
459,683,0
459,441,0
459,464,0
459,243,0
459,634,0
459,79,0
689,205,0
689,690,0
689,212,0
689,294,0
689,202,0
205,736,0
205,737,0
205,190,0
205,738,0
205,68,0
205,32,0
205,739,4
205,185,0
690,191,0
690,294,0
212,736,0
212,418,0
212,737,0
212,190,0
212,419,0
212,738,0
212,68,0
212,403,0
212,32,0
212,404,0
212,739,4
212,185,0
294,191,0
202,737,0,4
202,190,0
202,738,0
202,68,0
202,32,0
202,740,4
202,739,4
202,185,0
573,741,0
573,742,0
573,27,5,3
741,729,0
741,743,0
27,744,0
27,624,0
27,354,0
27,476,0
27,214,0
27,447,0
27,125,0
27,464,2,0
27,267,2
27,150,2
27,355,0
27,356,0
27,29,0
27,745,0
27,32,2
27,227,2
27,634,0
451,746,0
451,636,0
451,263,0
451,268,0
451,471,0
451,304,0
216,747,0
216,535,0,2
527,544,0
527,545,0
527,546,0
527,265,0
527,539,0
527,540,0
527,541,0
527,674,0
480,322,0,5
480,478,5,3,0
480,748,3,5,0
480,323,0,5
480,324,0,5
480,749,4,0
480,326,5,0
480,521,0
480,309,0
480,626,0
480,627,0
480,492,0
480,257,0
480,378,0,5,3
480,461,0
480,494,0
480,750,0
480,751,0
480,263,0
480,752,0
480,496,0
480,753,0
480,329,3,5,0
480,754,0
480,268,0
480,497,4,0
480,343,3
480,755,0,4
480,756,0
480,332,5,0
480,757,5,3,0
480,499,0
480,715,0
480,500,0
480,501,0,4
480,487,0
480,290,0
480,348,3
480,227,0
480,758,0
480,502,0
480,503,0
480,334,0,5,3
480,489,0
480,335,0,5
480,759,0
480,760,0
480,505,0
480,490,0
256,263,0
256,514,0
256,268,0
256,270,0
256,207,0
309,653,0
309,14,0
309,263,0
309,268,0
309,270,0
309,272,0
309,487,0
309,274,0
309,227,0
309,207,0
309,276,0
309,489,0
309,277,0
309,278,0
309,490,0
456,636,0
456,263,0
456,268,0
457,636,0
457,263,0
457,268,0
287,286,0
287,386,0
287,702,0
258,624,0
258,454,0
258,257,0
258,515,0
258,725,0
258,263,0
258,150,0
258,268,0
258,151,0
258,270,0
258,154,0
258,272,0
258,674,0
258,32,0
258,472,0
258,726,0
258,207,0
258,276,0
258,277,0
482,529,2
482,265,0
482,514,0
482,586,0
482,608,1,0
529,479,2
529,223,0
529,225,0
260,635,0
260,265,0
260,637,1
260,274,0
260,638,0
260,278,0
340,193,0
340,761,0
340,762,0
340,763,3,5
340,764,0
340,765,5,3
340,766,3,5
340,194,0
340,767,0
340,567,0
340,571,0
263,543,0
263,477,0
263,14,0
263,453,4
263,531,0
263,265,0
263,469,0
263,470,0
263,471,0
263,487,0
263,207,0
263,489,0
263,490,0
530,458,0
530,535,0
530,633,0
530,549,0
531,543,0
531,378,0
531,698,0
531,329,0
531,268,0
531,768,0
531,542,0
531,769,0
531,334,0
265,477,0
265,544,0
265,479,0
265,514,0
265,268,0
265,770,0
265,539,0
265,274,0
265,278,0
514,547,0
514,479,0
514,771,0
514,257,0
514,481,0
514,772,0
514,266,0
514,773,0
514,486,0
514,774,0
514,775,0
514,549,0
144,96,0,2
144,98,2,0
144,107,2,0
144,113,2,0
144,114,0
144,116,0,2
144,120,0
144,694,0
144,126,2,0
144,155,0
144,156,0,2
144,776,0
144,695,0
144,696,0
144,593,0
535,217,0,2
535,218,2,0
535,458,0
535,267,2,0
535,58,2
535,219,0,2
535,538,0
535,301,2
535,32,2
535,221,0,2
535,550,2
535,222,2,0
219,747,0
268,543,0
268,477,0
268,14,0
268,453,4
268,469,0
268,470,0
268,471,0
268,487,0
268,207,0
268,489,0
268,490,0
537,354,0
537,777,0
537,147,0
537,768,0
537,589,0
537,778,0
537,153,0
270,118,2
270,771,0
270,454,0
270,772,0
270,464,2
270,267,2,0
270,58,2
270,272,0
270,32,2
270,472,0
270,774,0
270,207,0
270,276,0
270,277,0
270,279,2
538,458,0
538,633,0
538,549,0
344,193,0
344,761,0
344,762,0
344,763,3,5
344,764,0
344,765,3,5
344,766,5,3
344,194,0
344,767,0
344,571,0
345,193,0
345,761,0
345,762,0
345,763,5,3
345,764,0
345,765,5,3
345,766,3,5
345,194,0
345,767,0
345,571,0
469,237,0
469,779,0
469,481,0
469,486,0
469,780,0
469,722,0
539,544,0
539,545,0
539,546,0
539,540,0
539,541,0
539,674,0
540,544,0
540,545,0
540,546,0
540,541,0
541,544,0
541,545,0
541,546,0
470,636,0
321,706,0
321,361,0
272,624,0
272,14,0
272,267,0
272,276,0
542,543,0
542,327,0
477,781,3
544,545,0
544,546,0
544,674,0
545,546,0
14,233,0
14,646,0
14,257,0
14,647,0
14,648,0
14,649,0
14,782,0
14,650,0
14,207,0
14,276,0
14,651,0
14,79,0
14,277,0
14,166,0
479,586,0
479,608,0,1
549,233,0
549,166,2
549,783,0
549,784,0
550,452,0
550,474,0
490,322,5,0
490,478,5,0,3
490,748,5,0,3
490,323,0,5
490,324,0,5
490,749,0,4
490,326,0,5
490,521,0
490,626,0
490,627,0
490,492,0
490,257,0
490,378,0,3,5
490,461,0
490,494,0
490,750,0
490,751,0
490,752,0
490,496,0
490,753,0
490,329,0,3,5
490,754,0
490,497,4,0
490,343,3
490,755,4,0
490,756,0
490,332,5,0
490,757,0,3,5
490,499,0
490,715,0
490,500,0
490,501,4,0
490,487,0
490,290,0
490,348,3
490,227,0
490,758,0
490,502,0
490,503,0
490,334,3,0,5
490,489,0
490,335,5,0
490,759,0
490,760,0
490,505,0
222,747,0
471,636,0
471,674,0
471,304,0
487,322,5,0
487,478,0,5,3
487,748,3,5,0
487,323,5,0
487,324,0,5
487,749,4,0
487,326,5,0
487,521,0
487,626,0
487,627,0
487,492,0
487,257,0
487,378,0,3,5
487,461,0
487,494,0
487,750,0
487,751,0
487,752,0
487,496,0
487,753,0
487,329,5,3,0
487,754,0
487,497,4,0
487,343,3
487,755,0,4
487,756,0
487,332,0,5
487,757,5,0,3
487,499,0
487,715,0
487,500,0
487,501,0,4
487,290,0
487,348,3
487,227,0
487,758,0
487,502,0
487,503,0
487,334,3,5,0
487,489,0
487,335,5,0
487,759,0
487,760,0
487,505,0
274,278,0
207,327,0
276,624,0
276,267,0
489,322,0,5
489,478,0,3,5
489,748,5,0,3
489,323,0,5
489,324,0,5
489,749,0,4
489,326,0,5
489,521,0
489,626,0
489,627,0
489,492,0
489,257,0
489,378,3,5,0
489,461,0
489,494,0
489,750,0
489,751,0
489,752,0
489,496,0
489,753,0
489,329,0,5,3
489,754,0
489,497,4,0
489,343,3
489,755,4,0
489,756,0
489,332,5,0
489,757,0,5,3
489,499,0
489,715,0
489,500,0
489,501,0,4
489,290,0
489,348,3
489,227,0
489,758,0
489,502,0
489,503,0
489,334,5,0,3
489,335,0,5
489,759,0
489,760,0
489,505,0
553,488,0
277,624,0
277,267,0
152,98,0,2,1
152,109,2,0,1
152,114,2,1,0
152,116,0,2,1
152,120,1,0,2
152,124,0,1,2
152,371,2,0,1
152,785,0
152,125,1,2,0
152,45,0,1,2
152,133,1,2,0
152,135,0,1,2
152,136,0,2,1
152,140,0,2,1
152,165,1,0,2
152,169,2,0,1
152,170,1,2,0
96,98,1,0,2
96,107,0,2
96,108,2
96,109,0
96,113,1,2,0
96,115,0
96,116,2,0,1
96,118,2
96,119,0
96,121,0
96,126,0,2
96,128,0
96,130,0
96,132,0
96,133,0
96,135,0
96,136,0
96,137,0
96,140,0
96,143,0
96,146,0
96,147,0
96,148,2
96,149,0
96,150,0,1,2
96,151,2,0,1
96,153,0
96,154,0,1,2
96,155,2,0
96,156,2,1,0
96,160,0
96,165,0
96,169,0
96,170,0
98,140,1,0,2
98,141,2,0
98,143,0
98,146,0
98,148,1,0,2
98,150,0,2,1
98,151,2,0,1
98,154,1,0,2
98,155,0,2,1
98,156,2,0,1
98,160,0
98,165,0,1,2
98,166,0
98,169,1,0,2
98,170,1,0,2
98,107,2,0
98,108,2
98,109,1,2,0
98,113,1,0,2
98,114,2,1,0
98,115,0
98,116,1,0,2
98,118,0,2,1
98,119,0
98,120,0,1,2
98,124,0,1,2
98,357,3
98,125,2,1,0
98,17,1,0,2
98,126,0,2
98,127,2,0,1
98,45,1,2,0
98,128,0
98,130,0
98,131,1,2
98,132,0
98,133,0,1,2
98,135,0,2,1
98,136,1,0,2
98,137,0
107,786,1
107,113,0,2
107,114,0
107,116,2,0
107,120,0
107,694,0
107,126,2,0
107,190,0
107,787,1
107,155,0
107,156,0,2
107,788,1
107,776,0
107,695,0
107,696,0
107,185,0
107,593,0
108,116,0,2
108,155,0
108,156,2,0
108,166,0
109,381,0
109,115,0
109,116,0,1,2
109,118,0,2,1
109,124,1,2,0
109,125,1,0,2
109,17,1,0,2
109,127,2,0,1
109,45,1,2,0
109,128,0
109,383,0
109,130,0
109,131,1,2
109,132,0
109,133,2,0,1
109,135,1,0,2
109,136,2,1,0
109,137,0
109,140,0,2,1
109,141,2,0
109,146,0
109,148,1,0,2
109,155,2,1
109,160,0
109,165,1,0,2
109,169,1,0,2
109,170,1,2,0
113,353,0
113,233,0
113,116,0,1,2
113,118,0,2
113,119,0
113,247,0
113,376,0
113,126,2,0
113,358,0
113,359,0
113,396,0
113,143,0
113,148,0,2
113,150,2,1,0
113,151,0,1,2
113,360,0
113,154,2,0,1
113,155,2,0
113,156,0,2,1
113,789,0
113,397,0
113,790,0
113,361,0
113,79,0
113,362,0
113,475,0
114,116,0,1,2
114,118,1,0,2
114,120,0
114,694,0
114,17,2,0,1
114,126,0
114,127,2,1,0
114,45,1,0,2
114,135,0,1,2
114,136,1,2,0
114,140,1,0,2
114,141,2,0
114,148,2,1,0
114,155,1,2,0
114,776,0
114,695,0
114,696,0
114,169,0,2,1
115,116,0
115,128,0
115,130,0
115,132,0
115,133,0
115,135,0
115,136,0
115,137,0
115,140,0
115,146,0
115,160,0
115,165,0
115,169,0
115,170,0
350,791,0
350,116,0
350,130,0
350,136,0
350,146,0
116,118,2,0,1
116,120,0,2,1
116,124,1,0,2
116,125,1,2,0
116,17,1,0,2
116,127,2,1,0
116,45,2,1,0
116,128,0
116,130,0
116,131,0,2,1
116,132,0
116,133,1,0,2
116,135,0,2,1
116,136,0,2,1
116,137,0,3
116,140,2,1,0
116,141,0,2
116,146,0
116,148,2,0,1
116,150,1,2,0,3
116,352,0
116,151,0,2,3,1
116,351,0
116,154,3,1,2,0
116,155,1,0,2
116,156,1,3,2,0
116,160,0
116,165,1,2,0
116,166,0
116,169,1,2,0
116,170,1,0,2
118,508,1
118,120,0,1,2
118,125,1,0,2
118,17,0,1,2
118,127,0
118,45,0,2,1
118,458,0
118,133,0,2,1
118,135,0,1,2
118,136,1,2,0
118,140,1,2,0
118,267,2
118,148,0
118,150,0,1,2
118,151,0,1,2
118,154,1,2,0
118,156,2,1,0
118,32,2,1,0
118,165,0,2,1
118,668,1
118,166,0
118,279,2
118,363,0
118,169,2,1,0
118,170,2,1,0
120,694,0
120,17,1,2,0
120,126,0
120,127,1,2,0
120,45,0,1,2
120,135,1,2,0
120,136,2,0,1
120,140,2,0,1
120,141,2,0
120,148,2,0,1
120,155,2,1,0
120,776,0
120,695,0
120,696,0
120,169,2,1,0
124,371,0,2,1
124,125,1,2,0
124,17,0,1,2
124,45,2,0,1
124,133,2,0,1
124,135,2,0,1
124,136,1,0,2
124,140,1,2,0
124,32,0
124,165,1,2,0
124,169,2,1,0
124,170,1,2,0
125,371,2,1,0
125,17,0,1,2
125,127,1,0,2
125,45,0,1,2
125,792,0
125,793,0
125,131,2,1
125,133,0,2,1
125,135,1,2,0
125,136,1,2,0
125,140,1,2,0
125,141,0,2
125,365,0
125,148,1,0,2
125,374,0
125,794,0
125,155,1,2
125,361,0
125,166,0
125,169,1,0,2
17,371,2,0,1
17,45,1,0,2
17,131,1,2
17,133,2,1,0
17,135,2,0,1
17,136,0,1,2
17,140,0,1,2
17,141,0,2
17,148,0,1,2
17,342,0
17,150,0
17,151,0
17,154,0
17,155,1,2
17,156,0
17,32,0,1,2
17,165,2,0,1
17,169,1,0,2
17,170,0,2,1
126,297,0
126,298,0
126,247,3
126,694,0
126,43,3,5
126,406,4
126,384,0
126,795,0
126,385,0
126,386,0
126,199,0
126,188,0
126,387,0
126,68,0
126,155,0
126,776,0
126,695,0
126,79,3
126,696,0
126,593,0
127,371,1,0,2
127,45,2,0,1
127,133,0,2,1
127,135,2,0,1
127,136,1,2,0
127,140,2,1,0
127,148,0
127,165,2,1,0
127,796,2,0
127,169,1,2,0
127,170,0,1,2
45,131,1,2
45,133,1,0,2
45,135,0,2,1
45,136,0,1,2
45,140,1,0,2
45,141,2,0
45,148,2,1,0
45,155,1,2
45,776,0
45,165,1,2,0
45,169,2,1,0
45,170,0,1,2
128,130,0
128,132,0
128,133,0
128,135,0
128,136,0
128,137,0
128,140,0
128,146,0
128,160,0
128,165,0
128,169,0
128,170,0
130,132,0
130,133,0
130,135,0
130,136,0
130,137,0
130,140,0
130,146,0
130,351,0
130,160,0
130,165,0
130,169,0
130,170,0
131,133,1,2
131,135,2,1
131,136,1,0,2
131,140,1,2
131,155,1,0,2
131,165,1,2
131,169,1,2
131,170,2,1
132,133,0
132,135,0
132,136,0
132,137,0
132,140,0
132,146,0
132,160,0
132,165,0
132,169,0
132,170,0
133,135,0,1,2
133,136,1,0,2
133,137,0
133,140,2,1,0
133,141,0,2
133,146,0
133,148,2,1,0
133,155,1,2
133,160,0
133,165,0,2,1
133,169,0,2,1
133,170,0,1,2
135,371,2,0,1
135,136,2,1,0
135,137,0
135,140,0,2,1
135,141,2,0
135,146,0
135,148,1,2,0
135,155,2,1
135,160,0
135,165,0,2,1
135,169,1,0,2
135,170,2,0,1
136,137,0
136,140,0,1,2
136,141,0,2
136,146,0
136,148,0,2,1
136,352,0
136,351,0
136,155,0,1,2
136,160,0
136,165,1,0,2
136,169,1,2,0
136,170,0,1,2
391,797,0
392,797,0
137,368,0
137,198,0
137,798,0
137,140,0
137,146,0
137,365,0
137,369,0
137,150,0
137,151,0
137,351,0
137,154,0
137,156,0
137,160,0
137,165,0
137,169,0
137,170,0
140,146,0
140,148,1,2,0
140,155,0,2,1
140,160,0
140,165,2,0,1
140,169,1,0,2
140,170,0,1,2
141,371,0,2
141,165,2,0
141,169,0,2
141,170,0,2
146,351,0
146,160,0
146,165,0
146,169,0
146,170,0
148,508,1
148,458,0
148,267,2
148,150,2,1,0
148,151,2,1,0
148,154,2,1,0
148,156,1,0,2
148,32,1,0,2
148,165,0,1,2
148,668,1
148,166,0
148,279,2
148,363,0
148,169,2,0,1
148,170,0,1,2
352,235,4,0
352,606,4
352,609,4
352,610,4
153,119,0
153,354,0
153,366,0
153,229,0
153,230,0
153,143,0
153,231,0
153,799,4
153,800,0
153,149,0
153,150,0
153,151,0
153,355,0
153,586,0
153,356,0
153,778,0
153,567,4
153,29,0
153,154,0
153,155,0
153,571,4
153,367,0
153,652,0
153,232,0
155,119,0
155,121,0
155,694,0
155,384,0
155,795,0
155,386,0
155,199,0
155,188,0
155,387,0
155,229,0
155,230,0
155,143,0
155,231,0
155,147,0
155,365,0
155,149,0
155,150,0
155,151,0
155,154,0
155,156,0,2
155,674,0
155,79,3
155,165,1,2
155,169,2,1
155,170,2,1
155,232,0
156,119,0
156,143,0
156,365,3,0
156,149,0
156,150,1,2,0
156,151,1,2,0
156,68,2,0,1
156,154,2,1,0
156,32,2,1,0
160,165,0
160,169,0
160,170,0
165,169,0,2,1
165,170,0
166,37,2
166,725,0
166,267,0
166,58,2
166,149,2
166,314,0
166,66,2
166,32,2,1,0
166,608,2,1,0
166,740,3
166,801,0
166,726,0
166,76,2
166,802,0
166,279,2
169,371,0,1,2
169,170,0,1,2
119,121,0
119,229,0
119,230,0
119,231,0
119,147,0
119,365,0
119,149,0
119,150,0
119,151,0
119,154,0
119,232,0
121,354,0
121,229,0
121,230,0
121,143,0
121,231,0
121,800,0
121,149,0
121,150,0
121,151,0
121,355,0
121,356,0
121,778,0
121,29,0
121,154,0
121,232,0
143,229,0
143,230,0
143,231,0
143,147,0
143,365,0
143,149,0
143,150,0
143,151,0
143,154,0
143,232,0
147,354,0
147,366,0
147,229,0
147,230,0
147,231,0
147,799,4
147,800,0
147,149,0
147,150,0
147,768,0
147,151,0
147,355,0
147,589,0
147,356,0
147,778,0
147,29,0
147,154,0
147,367,0
147,232,0
149,233,0
149,229,0
149,230,0
149,231,0
149,150,0
149,151,0
149,154,0
149,232,0
150,368,0
150,354,0
150,382,0
150,803,0
150,464,2
150,365,0
150,380,0
150,369,0
150,355,0
150,388,0
150,356,0
150,68,1,0,2
150,804,0
150,805,0
150,32,1,2,0
150,806,0
150,213,1,2,0
150,389,0
150,390,0
151,368,0
151,354,0
151,382,0
151,803,0
151,464,2
151,365,0
151,267,2
151,380,0
151,369,0
151,355,0
151,388,0
151,356,0
151,68,0,1,2
151,804,0
151,805,0
151,32,2,1,0
151,806,0
151,213,0,2,1
151,389,0
151,390,0
154,368,0
154,354,0
154,382,0
154,803,0
154,464,2
154,365,0
154,380,0
154,369,0
154,355,0
154,388,0
154,356,0
154,68,0,2,1
154,804,0
154,805,0
154,32,0,2,1
154,806,0
154,213,1,2,0
154,389,0
154,390,0
368,365,0
365,138,0
365,369,0
365,712,0
354,777,0
354,768,0
354,589,0
354,778,0
355,777,0
356,777,0
396,453,0
396,455,0
396,359,0
396,465,0
396,467,0
396,468,0
396,789,0
396,790,0
396,473,0
32,37,6,2,0
32,381,0,2,1
32,807,0,1,2
32,808,2,0,1
32,446,0
32,688,0
32,255,0
32,481,0
32,383,2,0,1
32,188,0,1,2
32,797,0
32,310,0
32,190,0,2
32,809,0,1,2
32,810,0,2,1
32,811,1,0,2
32,812,1,0,2
32,311,0
32,813,2
32,267,2
32,58,2
32,814,0,1,2
32,815,2,1,0
32,586,0
32,66,0,6,2
32,301,2
32,608,2,1,0
32,486,0
32,816,1,0,2
32,227,2
32,76,6,0,2
32,213,1,0,2
32,279,2
32,185,2,0
397,453,0
397,455,0
397,359,0
397,465,0
397,467,0
397,468,0
397,789,0
397,790,0
397,473,0
79,402,0
79,297,0
79,298,0
79,190,0
79,817,0
79,412,0
79,403,0
79,818,0
79,819,0
79,404,0
79,185,0
357,382,0
357,388,0
357,213,0
357,389,0
357,390,0
357,820,0
68,255,0
68,327,0
68,188,1,0,2
68,200,0
68,203,0
68,64,2,1,0
68,209,0
68,213,2,0,1
353,233,0
353,376,0
353,358,0
353,359,0
353,360,0
353,821,0
353,361,0
353,362,0
233,376,0
233,358,0
233,327,0
233,359,0
233,387,0
233,360,0
233,379,0
233,361,0
233,362,0
358,376,0
358,359,0
358,360,0
358,361,0
358,362,0
359,376,0
359,360,0
359,789,0
359,790,0
359,361,0
359,362,0
359,822,0
359,669,0
360,376,0
360,793,0
360,379,0
360,361,0
360,362,0
361,823,0
361,376,0
361,475,0
361,362,0
362,376,0
366,803,0
366,777,0
366,589,0
366,805,0
367,803,0
367,777,0
367,805,0
786,787,0
786,788,0
694,695,0
694,696,0
190,198,0,2
190,578,1,0,2
190,188,0
190,743,0
190,583,1,0,2
190,665,1,2,0
190,64,2,0
190,567,6
190,571,6
190,593,0,1
787,788,0
776,782,0
776,824,0
695,696,0
185,38,0,5,3
185,43,5,3,0
185,44,3,5,6,0
185,198,0,2
185,578,2,1,0
185,188,0
185,743,0
185,49,5,0,3
185,51,5,0,3
185,583,2,1,0
185,825,0
185,54,3,0,5
185,665,0,1,2
185,64,0,2
185,567,6
185,571,6
185,81,0,3,5
185,593,1,0
593,725,2
593,726,2
593,826,0
446,255,0
446,717,0
446,683,0
214,215,0
214,717,0
214,683,0
214,220,0
447,798,0
188,381,2,1,0
188,827,0
188,450,0
188,383,2,0,1
188,384,2,0,1
188,795,0
188,385,1,0,2
188,386,0,2,1
188,199,0,1,2
188,387,0,1,2
188,608,1,2,0
188,796,0
23,15,0
23,224,0
381,828,0
381,829,0
381,830,0
381,605,0
381,228,0
381,827,0
381,831,0
381,450,0
381,384,2,1,0
381,795,0
381,385,1,0,2
381,386,2,0,1
381,199,2,1,0
381,387,2,1,0
381,796,0
383,828,0
383,829,0
383,830,0
383,605,0
383,228,0
383,827,0
383,831,0
383,450,0
383,384,2,0,1
383,795,0
383,385,2,1,0
383,386,1,2,0
383,199,1,2,0
383,387,1,0,2
199,830,0
199,228,0
199,827,0
199,807,0
199,808,0
199,450,0
199,384,1,2,0
199,795,0
199,385,2,0,1
199,386,1,0,2
199,387,2,1,0
199,809,0
199,810,0
199,811,0
199,812,0
199,814,0
199,815,0
199,816,0
199,796,0
200,49,0
200,203,0
200,209,0
203,209,0
342,255,0
342,266,0
342,832,0
342,833,0
342,834,0
342,835,0
342,836,0
342,837,0
342,838,0
342,839,0
343,237,0
343,840,0
346,378,0
192,65,0
348,237,0
348,840,0
841,842,0
841,843,0
841,844,3
842,843,0
842,845,0
842,846,0
842,847,0
842,848,0
842,302,0
842,838,0
843,845,0
843,846,0
843,849,0
843,327,0
843,848,0
843,850,0
843,851,0
843,302,0
844,852,0
844,853,0
844,854,0
844,855,0
844,856,0
844,301,0
844,857,0
845,558,0
845,846,0
845,849,0
845,847,0
845,848,0
845,302,0
846,849,0
846,847,0
846,327,0
847,858,0
847,849,0
847,848,0
847,302,0
848,849,0
848,327,0
848,851,0
848,859,0
848,860,0
848,302,0
302,849,0
302,327,0
838,861,0
838,862,0
838,863,0
838,834,0
838,835,0
838,836,0
838,864,0
838,837,0
838,839,0
849,327,0
849,850,0
327,830,0
327,851,0
327,860,0
850,807,0
850,808,0
850,865,0
850,866,0
850,867,0
850,809,0
850,810,0
850,811,0
850,812,0
850,814,0
850,815,0
850,816,0
851,235,4
851,859,0
851,860,0
376,792,0
376,793,0
402,418,0
402,419,0
402,403,0
402,404,0
418,419,0
418,403,0
418,404,0
419,403,0
419,404,0
403,404,0
197,868,0
197,869,3,0
44,38,5,4,3,6,2,0
44,39,0
44,43,6,5,3,0,4,2
44,49,2,5,0,3,6,4
44,51,4,6,3,5,2,0
44,54,3,2,5,4,0,6
44,870,0
44,567,5,3,0
44,571,3,5,0
44,81,4,6,5,0,2,3
201,737,0
201,314,0
201,738,0
201,608,0
204,674,0
206,682,0
206,800,0
206,589,0
206,778,0
211,674,0
322,378,0
323,871,0
323,748,0
323,378,0
324,378,0
326,378,0
326,329,0
326,334,0
191,642,0
191,291,0
191,251,0
191,872,0
191,873,0
191,293,0
329,478,3,0,5
329,874,0
329,875,0
329,876,0
329,493,0
329,378,3,0,5
329,877,0
329,752,0
329,498,0
329,769,0
329,499,0
329,502,0
329,504,0
329,878,0
329,759,0
332,378,0
334,478,3,5,0
334,874,0
334,871,0
334,748,0
334,875,0
334,876,0
334,493,0
334,378,5,3,0
334,877,0
334,752,0
334,498,0
334,769,0
334,499,0
334,502,0
334,504,0
334,878,0
334,879,0
334,759,0
335,378,0
868,869,0
781,635,4
37,880,1
37,377,1
37,630,0
37,881,3,1
37,61,0,1
37,882,1
37,631,0
37,305,0
37,279,2,1
880,66,1
880,76,1
377,881,0
377,66,1
377,76,1
630,883,3
630,61,0
630,66,0
630,305,0
630,76,0
630,884,0
881,66,1,3
881,76,3,1
881,885,0
61,66,1,0
61,631,0
61,76,1,0
882,66,1
882,76,1
631,883,3
631,66,0
631,305,0
631,76,0
631,884,0
305,65,0
305,66,0
305,76,0
279,235,4
279,267,2
279,66,2,1
279,76,1,2
279,884,0
886,792,0
792,793,0
184,644,0
683,717,0
683,464,0
683,720,0
378,478,3,5,0
378,874,0
378,871,0
378,748,0,5,3
378,749,0
378,876,0
378,626,0
378,627,0
378,491,0
378,492,0
378,493,0
378,494,0
378,495,0
378,750,0
378,751,0
378,877,0
378,752,0
378,496,0
378,497,0
378,755,0
378,498,0
378,887,0
378,757,0,3,5
378,499,0
378,715,0
378,500,0
378,289,0
378,501,0
378,290,0
378,502,0
378,503,0
378,504,0
378,878,0
378,879,0
378,759,0
378,505,0
674,698,0
478,493,0
478,498,0
478,499,0
478,289,0
478,502,0
478,504,0
493,267,0
493,497,0
493,501,0
493,504,0
498,267,0
498,504,0
499,748,0
499,749,0
499,626,0
499,627,0
499,492,0
499,629,0
499,461,0
499,494,0
499,495,0
499,750,0
499,751,0
499,888,0
499,889,0
499,497,0
499,755,0
499,714,0
499,757,0
499,715,0
499,500,0
499,289,0
499,501,0
499,504,0
289,890,0
289,521,0
289,629,0
289,461,0
289,267,0
289,500,0
502,521,0
502,496,0
502,754,0
502,756,0
502,887,0
502,758,0
502,505,0
502,503,0
504,492,0
504,267,0
504,715,0
504,500,0
828,829,0
828,830,0
828,605,0
828,228,0
828,827,0
828,831,0
828,450,0
828,384,0
828,385,0
829,830,0
829,605,0
829,228,0
829,827,0
829,831,0
829,450,0
830,605,0
830,228,0
830,827,0
830,831,0
830,450,0
830,385,0
830,386,0
830,387,0
605,228,0
605,827,0
605,831,0
605,450,0
605,385,0
605,387,0
228,827,0
228,831,0
228,450,0
228,386,0
827,831,0
827,255,0
827,450,0
827,386,0
827,891,0
831,450,0
450,384,0
450,795,0
450,385,0
450,386,0
450,387,0
384,795,0
384,385,1,2,0
384,386,2,0,1
384,387,1,0,2
385,795,0
385,386,0,1,2
385,387,1,0,2
385,796,0
795,386,0
795,387,0
386,807,0
386,808,0
386,387,2,0,1
386,809,0
386,810,0
386,811,0
386,812,0
386,814,0
386,815,0
386,816,0
386,892,4
386,796,0
387,796,0
255,893,0
894,895,0
894,896,0
894,897,0
895,896,0
895,897,0
895,898,0
896,897,0
896,898,0
897,898,0
897,837,0
687,688,0
687,425,3
481,899,0
481,635,0
481,900,0
481,314,0
481,638,0
635,486,0
635,638,0
635,901,0
707,449,0
314,643,0
314,902,0
314,310,0
314,725,0
314,21,0
314,311,0
314,409,0
314,410,0
314,486,0
314,726,0
314,638,0
314,645,0
243,237,0
243,903,0
486,899,0
486,900,0
486,638,0
638,899,0
638,904,0
638,777,0
638,441,0
638,900,0
638,905,0
638,901,0
379,892,4
874,871,0
874,748,0
874,875,0
874,887,0
874,878,0
874,879,0
871,748,0
871,653,0
871,875,0
871,878,0
871,879,0
748,875,0
748,876,0
748,877,0
748,878,0
748,879,0
875,878,0
887,769,0
887,757,0
887,878,0
878,879,0
653,906,0
876,757,0
877,757,0
303,449,0
303,555,0
303,462,0
449,237,0
449,560,0
449,907,0
449,462,0
449,568,0
449,572,0
555,761,0
555,908,0
555,909,0
555,910,0
555,911,0
555,408,0
555,462,0
555,764,0
555,414,0
555,572,0
555,912,0
555,913,0
555,914,0
462,237,0
462,866,0
462,867,0
462,408,0
462,907,0
462,915,0
462,916,0
462,414,0
560,554,0
560,556,0
560,557,0
560,559,0
560,561,0
560,562,0
560,563,0
560,564,0
560,565,0
560,566,0
560,567,2,5,3
560,569,0
560,570,0
560,571,2,3,5
572,193,0
572,908,0
572,909,0
572,910,0
572,911,0
572,194,0
572,912,0
572,913,0
572,914,0
572,806,0
38,737,6
38,917,3
38,567,5,3,0,6
38,622,4
38,623,4
39,306,0
43,918,5,0,3
54,870,3,0,5
55,919,0
55,920,0
58,643,0
58,461,0,2
58,267,2
58,523,0
58,524,0
58,645,0
65,453,0
65,455,0
65,465,0
65,467,0
65,468,0
65,473,0
74,919,0
74,920,0
235,883,4
921,29,0
29,15,0
29,922,2
642,461,0
461,643,0
461,574,0
461,453,0
461,455,0
461,286,0
461,465,0
461,497,0
461,467,0
461,468,0
461,715,0
461,500,0
461,473,0
461,644,0
461,645,0
861,834,0
861,835,0
861,836,0
861,837,0
861,839,0
834,862,0
834,863,0
834,832,0
834,833,0
834,835,0
834,864,0
834,839,0
835,862,0
835,863,0
835,836,0
835,864,0
835,837,0
835,839,0
836,862,0
836,863,0
836,832,0
836,833,0
836,839,0
836,864,0
836,837,0
837,862,0
837,863,0
837,832,0
837,833,0
837,864,0
837,839,0
839,862,0
839,863,0
839,864,0
721,464,0
464,20,0
464,267,2
464,720,0
464,227,2
464,634,0
454,267,0
454,472,0
267,308,0
267,497,0
267,317,0
267,472,0
497,923,0
497,624,0
497,629,0
497,755,0
497,715,0
497,500,0
501,624,0
501,290,0
643,924,0
643,925,0
643,926,0
643,645,0
924,926,0
924,645,0
925,927,0
925,645,0
926,645,0
807,808,0
807,928,0
807,929,0
807,930,0
807,931,0
807,932,0
807,933,0
808,928,0
808,811,0
808,929,0
808,930,0
808,931,0
808,932,0
808,933,0
928,865,0
928,866,0
928,867,0
928,809,0
928,810,0
928,811,0
928,812,0
928,814,0
928,815,0
928,816,0
929,865,0
929,866,0
929,867,0
929,809,0
929,810,0
929,811,0
929,812,0
929,814,0
929,815,0
929,816,0
930,865,0
930,866,0
930,867,0
930,809,0
930,810,0
930,811,0
930,812,0
930,814,0
930,815,0
930,816,0
931,865,0
931,866,0
931,867,0
931,809,0
931,810,0
931,811,0
931,812,0
931,814,0
931,815,0
931,934,0
931,816,0
932,865,0
932,866,0
932,867,0
932,809,0
932,810,0
932,811,0
932,812,0
932,814,0
932,815,0
932,816,0
933,865,0
933,866,0
933,867,0
933,809,0
933,810,0
933,811,0
933,812,0
933,814,0
933,815,0
933,816,0
717,718,0
717,719,0
717,720,0
789,790,0
789,822,0
935,936,5,3
935,937,5,0,3
935,917,0
936,697,3
936,763,5,3
936,765,5,3
936,766,5,3
936,917,5,3
937,938,3,5,0
937,939,0,5,3
937,917,5,0,3
765,766,0
923,749,0
749,193,0
749,761,0
749,762,0
749,890,0
193,761,0
193,762,0
193,408,0
193,940,0
193,941,0
193,767,0
193,942,0
193,414,0
761,762,0
761,408,0
761,940,0
761,941,0
761,943,0
761,767,0
761,414,0
762,408,0
762,941,0
762,764,0
762,943,0
762,194,0
762,942,0
762,414,0
408,944,0
408,940,0
408,945,0
408,946,0
408,915,0
408,941,0
408,764,0
408,943,0
408,194,0
408,767,0
408,942,0
940,944,0
940,945,0
940,946,0
940,764,0
940,194,0
940,414,0
941,557,0
941,558,0
941,764,0
941,943,0
941,194,0
941,767,0
941,414,0
767,764,0
767,943,0
767,194,0
767,942,0
767,414,0
942,194,0
942,414,0
414,944,0
414,945,0
414,946,0
414,915,0
414,764,0
414,943,0
414,194,0
943,764,0
890,755,0
755,521,0
441,286,0
441,718,0
441,719,0
441,901,0
458,452,0
458,474,0
646,782,0
647,947,0
647,648,0
647,649,0
647,782,0
647,651,0
647,948,0
648,649,0
648,782,0
648,651,0
648,948,0
649,947,0
649,651,0
649,782,0
649,948,0
782,824,0
782,693,0
782,650,0
782,651,0
650,947,0
651,948,0
554,556,0
554,559,0
554,561,0
554,562,0
554,949,0
554,566,0
554,570,0
556,557,0
556,558,0
556,865,0
556,559,0
556,561,0
556,562,0
556,563,0
556,564,0
556,565,0
556,566,0
556,567,3,2,5
556,569,0
556,570,0
556,571,5,3,2
559,557,0
559,561,0
559,562,0
559,563,0
559,564,0
559,565,0
559,566,0
559,567,3,2,5
559,569,0
559,570,0
559,571,3,5,2
561,557,0
561,562,0
561,563,0
561,564,0
561,565,0
561,566,0
561,569,0
561,570,0
562,557,0
562,563,0
562,949,0
562,564,0
562,565,0
562,566,0
562,567,3,5,2
562,569,0
562,570,0
562,571,3,5,2
949,563,0
949,564,0
949,565,0
949,569,0
566,557,0
566,563,0
566,564,0
566,565,0
566,569,0
566,570,0
570,557,0
570,563,0
570,564,0
570,565,0
570,569,0
557,558,0
557,865,0
558,865,0
558,746,0
558,950,0
558,951,0
567,939,3,5
567,918,3,0,5
567,952,3,5,0
571,918,3,0,5
571,952,0,5,3
953,954,0
953,664,0
953,666,0
664,578,0
664,583,0
664,856,0
666,578,0
666,583,0
908,909,0
908,910,0
908,911,0
909,910,0
909,911,0
909,912,0
909,914,0
910,911,0
910,912,0
910,913,0
910,806,0
911,912,0
911,913,0
911,914,0
912,913,0
912,914,0
912,806,0
913,914,0
913,806,0
914,806,0
15,955,0
15,956,0
15,224,0
224,957,0
224,320,0
777,589,0
768,589,0
768,778,0
589,800,0
589,778,0
778,958,0
778,773,0
746,625,0
950,625,0
951,625,0
757,769,0
737,739,4
622,623,4,3
623,959,6
623,960,6
615,961,0
615,853,0
615,962,0
615,963,0
615,964,0
615,965,0
615,857,0
616,961,0
616,853,0
616,962,0
616,963,0
616,964,0
616,965,0
616,857,0
618,961,0
618,853,0
618,962,0
618,963,0
618,964,0
618,965,0
618,857,0
620,961,0
620,853,0
620,962,0
620,963,0
620,857,0
620,964,0
620,965,0
621,961,0
621,853,0
621,962,0
621,963,0
621,964,0
621,965,0
621,857,0
893,310,0
893,311,0
310,372,0
310,373,0
310,375,0
311,372,0
311,373,0
311,375,0
966,967,0
967,382,0
967,388,0
967,389,0
967,390,0
578,968,0
578,665,1,2,0
583,968,0
583,665,2,0,1
856,969,0
856,970,0
800,958,0
800,773,0
971,972,0
971,973,0
971,858,0
971,597,0
971,944,0
971,974,0
971,975,0
971,976,0
972,973,0
972,858,0
972,597,0
972,974,0
972,975,0
972,976,0
973,858,0
973,597,0
973,944,0
973,974,0
973,975,0
973,976,0
858,597,0
858,974,0
858,975,0
858,976,0
597,977,0
597,969,0
597,978,0
944,945,0
944,976,0
974,975,0
974,976,0
975,976,0
977,969,0
969,453,0
969,585,0
969,978,0
969,693,0
476,708,0
708,581,0
215,979,0
215,220,0
215,980,0
220,979,0
220,980,0
196,981,0
196,982,0
586,983,0
586,797,0
586,984,0
586,652,0
304,985,0
625,523,0
747,985,0
382,983,0
382,986,0
382,987,0
986,388,0
986,389,0
986,390,0
987,388,0
987,390,0
987,389,0
372,412,0
412,598,0
412,373,0
412,988,0
412,375,0
989,958,0
989,773,0
958,990,0
773,990,0
820,804,0
732,852,0
852,733,0
771,903,0
903,772,0
903,774,0
727,728,0
727,731,0
729,743,0
374,794,0
684,991,0
684,699,0
685,991,0
685,699,0
686,992,0
870,409,0
870,410,0
870,993,0
870,994,0
870,915,0
308,899,0
308,995,0
308,996,0
308,317,0
899,904,0
899,996,0
899,997,0
899,905,0
899,317,0
899,901,0
995,317,0
996,998,0
996,317,0
523,524,0
999,21,0
21,1000,0
521,752,0
521,496,0
521,753,0
521,754,0
521,756,0
521,758,0
521,503,0
521,759,0
521,760,0
521,505,0
626,627,0
626,491,0
626,492,0
626,494,0
626,495,0
626,750,0
626,715,0
627,491,0
627,492,0
627,494,0
627,495,0
627,751,0
627,500,0
492,491,0
492,629,0
492,750,0
492,751,0
492,714,0
492,715,0
492,500,0
494,495,0
494,750,0
494,751,0
494,715,0
494,500,0
750,491,0
750,495,0
750,751,0
750,715,0
750,500,0
751,491,0
751,495,0
751,715,0
751,500,0
752,496,0
752,753,0
752,754,0
752,756,0
752,758,0
752,503,0
752,759,0
752,760,0
752,505,0
496,753,0
496,754,0
496,756,0
496,758,0
496,759,0
496,760,0
496,505,0
753,754,0
753,756,0
753,715,0
753,758,0
753,503,0
753,759,0
753,760,0
753,505,0
754,654,0
754,503,0
754,656,0
754,759,0
754,760,0
754,505,0
756,654,0
756,503,0
756,656,0
756,759,0
756,760,0
756,505,0
715,491,0
715,629,0
715,495,0
715,888,0
715,714,0
715,500,0
500,491,0
500,629,0
500,495,0
500,888,0
500,714,0
290,301,0
758,654,0
758,656,0
758,759,0
758,760,0
758,505,0
758,503,0
503,760,0
503,759,0
759,760,0
759,505,0
760,505,0
286,889,0
286,1001,0
862,832,0
862,833,0
832,863,0
832,864,0
833,863,0
833,864,0
860,859,0
629,714,0
628,655,0
628,656,0
655,656,0
1001,813,0
1002,680,0
1002,681,0
680,1003,0
681,1003,0
859,606,3
859,609,3
859,610,3
904,905,0
904,901,0
905,998,0
905,901,0
407,588,0
407,590,0
588,590,0
588,1004,0
515,1005,0
816,916,0
961,853,0
961,857,0
853,962,0
853,963,0
853,964,0
853,1006,0
853,965,0
962,857,0
963,857,0
964,857,0
965,857,0
857,1006,0
1007,1008,0
1007,927,0
718,719,0
718,1009,0
719,1009,0
1009,1010,0
581,633,0
705,585,0
705,709,0
705,710,0
709,710,0
710,1011,0
585,693,0
634,20,0
465,524,4
991,699,0
691,692,0
703,292,0
703,704,0
945,946,0
251,919,0
251,920,0
1000,885,0
915,409,0
915,410,0
915,993,0
915,994,0
723,724,0
301,922,2
825,1012,0
409,410,0
409,993,0
409,994,0
410,993,0
410,994,0
993,994,0
817,1013,0
922,1014,0
959,960,0
783,784,0
